meta_rxn_id,wilcox_stat,wilcox_pval,cohens_d,adjusted_pval
1,59.0,0.0013767069406343286,-1.1642754565683782,0.0018799067660071795
2,58.0,0.0012321719359254558,-1.3867196324213527,0.0017066055746206257
3,50.0,0.0004902788163771723,-1.148939241375934,0.0007445850781892157
4,33.0,5.6440346457884884e-05,-2.0498380011032737,0.00014098888133031164
5,36.0,8.434297185988848e-05,-1.6873826237263991,0.00017639169696279002
6,50.0,0.0004902788163771723,-1.3242581770326691,0.0007445850781892157
7,32.0,4.927166796986004e-05,-1.7335896894280773,0.0001328330406296655
8,32.0,4.927166796986004e-05,-1.159932240817516,0.0001328330406296655
9,41.0,0.00016159816419197644,-1.5692939231270595,0.000291478637131373
10,56.0,0.0009842246985925012,-1.4297667033550707,0.0013938570253407862
11,57.0,0.0011017651365777667,-0.9782340620563627,0.0015412470077237868
12,74.0,0.006489704591886318,-0.10604176388363529,0.007955733282555867
13,78.0,0.009469782324157894,-0.12106481527743604,0.01132237031919733
14,60.0,0.0015367385304895134,-1.168821104555675,0.0020826198168851424
15,59.0,0.0013767069406343286,-1.150009344732326,0.0018799067660071795
16,60.0,0.0015367385304895134,-1.1889260069002363,0.0020826198168851424
17,64.0,0.002363332417024863,-0.7829693951169929,0.003080160986577953
18,65.0,0.002625613653047189,-0.8045210751324184,0.003404374448183739
19,57.0,0.0011017651365777667,-1.3368731976969386,0.0015412470077237868
20,57.0,0.0011017651365777667,-1.2787003299525186,0.0015412470077237868
21,46.0,0.0003022604012219167,-0.6274093020324638,0.0004860100193338354
22,47.0,0.0003416019137614296,-0.8024747644886359,0.0005402974992784421
23,32.0,4.927166796986004e-05,-1.3080224472376938,0.0001328330406296655
24,32.0,4.927166796986004e-05,-1.364696043990307,0.0001328330406296655
25,28.0,2.8341608254942933e-05,-2.223835371257951,0.0001328330406296655
26,33.0,5.6440346457884884e-05,-1.8699165233261503,0.00014098888133031164
27,34.0,6.458954806893046e-05,-0.9956643386141857,0.00015003365501620565
28,32.0,4.927166796986004e-05,-1.6596520067875287,0.0001328330406296655
29,32.0,4.927166796986004e-05,-1.4501685856393776,0.0001328330406296655
30,32.0,4.927166796986004e-05,-0.5534821107414842,0.0001328330406296655
31,28.0,2.8341608254942933e-05,-2.0281848077418223,0.0001328330406296655
32,32.0,4.927166796986004e-05,-1.5964905181187004,0.0001328330406296655
33,32.0,4.927166796986004e-05,-1.6363117550664827,0.0001328330406296655
34,32.0,4.927166796986004e-05,-1.2543232325725624,0.0001328330406296655
35,34.0,6.458954806893046e-05,-0.40015804623125556,0.00015003365501620565
36,33.0,5.6440346457884884e-05,-1.5083916393236185,0.00014098888133031164
37,59.0,0.0013767069406343286,-1.420271668816821,0.0018799067660071795
38,32.0,4.927166796986004e-05,-1.3335338808852515,0.0001328330406296655
39,13.0,3.102209052989918e-06,-1.5638413634078607,2.621262548801548e-05
40,32.0,4.927166796986004e-05,-1.5707647876732205,0.0001328330406296655
41,32.0,4.927166796986004e-05,-1.3321040962695405,0.0001328330406296655
42,69.0,0.003962480273498222,-0.8382201421144277,0.004993756420755017
43,96.0,0.04322093203214055,-0.6407826067254219,0.049111149303668736
44,60.0,0.0015367385304895134,-1.0997293889827304,0.0020826198168851424
45,42.0,0.00018350997127055085,-1.2781934458823248,0.00032178141201897426
46,54.0,0.0007831875942974192,0.10141774791609476,0.001137293173264649
47,32.0,4.927166796986004e-05,-0.30494693817361984,0.0001328330406296655
48,59.0,0.0013767069406343286,-0.15375842938395443,0.0018799067660071795
49,29.0,3.259107077597499e-05,-0.25705316174525494,0.0001328330406296655
50,29.0,3.259107077597499e-05,-0.1596528666421736,0.0001328330406296655
51,46.0,0.0003022604012219167,0.23268479115306875,0.0004860100193338354
52,55.0,0.0008783884964078128,-0.15611523163070642,0.0012595570808399048
53,41.0,0.00016159816419197644,-0.5055214662780382,0.000291478637131373
54,57.0,0.0011017651365777667,0.10922971669996114,0.0015412470077237868
55,59.0,0.0013767069406343286,-0.7238490226935218,0.0018799067660071795
56,34.0,6.458954806893046e-05,-1.2860222935902261,0.00015003365501620565
57,42.0,0.00018350997127055085,-1.577976941981542,0.00032178141201897426
58,32.0,4.927166796986004e-05,-0.28795411758903927,0.0001328330406296655
59,35.0,7.384400408432293e-05,-1.6666135949237924,0.0001614055575384767
60,49.0,0.00043506175966501355,-1.3942965889968382,0.000669612170437961
61,37.0,9.62417449791194e-05,-1.5323526428118592,0.00019511812709937411
62,45.0,0.00026719355298303777,-1.5883776171385995,0.000439160160842878
63,48.0,0.00038569446679275734,-1.4882191879596987,0.0006024681559455106
64,38.0,0.00010971329718310355,-1.6311779473524608,0.00021382204512929932
65,42.0,0.00018350997127055085,-1.3501761044567682,0.00032178141201897426
66,38.0,0.00010971329718310355,-1.720174736012808,0.00021382204512929932
67,53.0,0.000697640009292997,-0.9995708662087736,0.0010177621920044995
68,41.0,0.00016159816419197644,-1.372285128257449,0.000291478637131373
69,33.0,5.6440346457884884e-05,-1.5670391729083502,0.00014098888133031164
70,28.0,2.8341608254942933e-05,-1.8918497633516411,0.0001328330406296655
71,55.0,0.0008783884964078128,-0.8449968083909992,0.0012595570808399048
72,47.0,0.0003416019137614296,-0.9486934556293292,0.0005402974992784421
73,41.0,0.00016159816419197644,-1.8854449065494214,0.000291478637131373
74,41.0,0.00016159816419197644,-1.2618590017076665,0.000291478637131373
75,44.0,0.00023596856438047963,-0.860809771514345,0.0003955851165845857
76,48.0,0.00038569446679275734,-1.0373168393173986,0.0006024681559455106
77,32.0,4.927166796986004e-05,-1.4753159122709685,0.0001328330406296655
78,26.0,2.13704144601066e-05,-1.9562230222272532,0.00011547361289817257
79,34.0,6.458954806893046e-05,-1.5779312511444983,0.00015003365501620565
80,35.0,7.384400408432293e-05,-1.5321162697957271,0.0001614055575384767
81,38.0,0.00010971329718310355,-1.1315697396466666,0.00021382204512929932
82,28.0,2.8341608254942933e-05,-2.2257766233879512,0.0001328330406296655
83,69.0,0.003962480273498222,-0.5903355489775317,0.004993756420755017
84,39.0,0.00012495006911461987,-1.3430442819701054,0.0002362044099328925
85,66.0,0.002914255399433271,-1.1457318679452582,0.0037439260692719266
86,34.0,6.458954806893046e-05,-1.7515025213144089,0.00015003365501620565
87,44.0,0.00023596856438047963,-1.627068390765987,0.0003955851165845857
88,26.0,2.13704144601066e-05,-2.056204417386874,0.00011547361289817257
89,47.0,0.0003416019137614296,-1.1246514017159213,0.0005402974992784421
90,36.0,8.434297185988848e-05,-1.2511222872349728,0.00017639169696279002
91,38.0,0.00010971329718310355,-1.5569966152848174,0.00021382204512929932
92,34.0,6.458954806893046e-05,-1.6584494423059066,0.00015003365501620565
93,48.0,0.00038569446679275734,-1.2474349076467863,0.0006024681559455106
94,44.0,0.00023596856438047963,-1.1331035639169842,0.0003955851165845857
95,49.0,0.00043506175966501355,-0.40022883455193486,0.000669612170437961
96,54.0,0.0007831875942974192,-0.9830581427910203,0.001137293173264649
97,56.0,0.0009842246985925012,-0.4515800864901358,0.0013938570253407862
98,42.0,0.00018350997127055085,-0.9455684328519216,0.00032178141201897426
99,36.0,8.434297185988848e-05,-1.6466499240062484,0.00017639169696279002
100,29.0,3.259107077597499e-05,-1.8035601541206325,0.0001328330406296655
101,39.0,0.00012495006911461987,-1.4180465109610167,0.0002362044099328925
102,46.0,0.0003022604012219167,-1.3209678706281995,0.0004860100193338354
103,33.0,5.6440346457884884e-05,-1.95963919822177,0.00014098888133031164
104,59.0,0.0013767069406343286,-1.3800873738333557,0.0018799067660071795
105,51.0,0.0005519762454985965,-0.9040431878535977,0.000823386366211769
106,32.0,4.927166796986004e-05,-0.9980518211130446,0.0001328330406296655
107,30.0,3.744139161695498e-05,-1.597167210221727,0.0001328330406296655
108,32.0,4.927166796986004e-05,-1.463274127022938,0.0001328330406296655
109,32.0,4.927166796986004e-05,-1.524355364210125,0.0001328330406296655
110,39.0,0.00012495006911461987,-0.8583786975206593,0.0002362044099328925
111,29.0,3.259107077597499e-05,-1.7600992303521614,0.0001328330406296655
112,28.0,2.8341608254942933e-05,-1.9714153361439328,0.0001328330406296655
113,32.0,4.927166796986004e-05,-1.5626941144864683,0.0001328330406296655
114,32.0,4.927166796986004e-05,-1.5989405518627071,0.0001328330406296655
115,16.0,4.913985671500474e-06,-2.3725927731150684,3.6179578715901156e-05
116,7.0,1.2041811510374454e-06,-2.826370600723164,1.3416496187222511e-05
117,35.0,7.384400408432293e-05,-1.119045446051197,0.0001614055575384767
118,46.0,0.0003022604012219167,-0.8288876198804372,0.0004860100193338354
119,34.0,6.458954806893046e-05,-1.0114194050514749,0.00015003365501620565
120,31.0,4.297192229158306e-05,-0.7656238979678123,0.0001328330406296655
121,31.0,4.297192229158306e-05,-1.352671710756989,0.0001328330406296655
122,0.0,3.818334157281001e-07,-1.680553530453265,6.867546720023973e-06
123,25.0,1.852998601250972e-05,-1.8297209021285916,0.00010414844816852561
124,28.0,2.8341608254942933e-05,-1.650267804109401,0.0001328330406296655
125,1.0,4.5124337237472066e-07,-3.0646428895024287,7.2835308438432475e-06
126,32.0,4.927166796986004e-05,-1.084222078342799,0.0001328330406296655
127,59.0,0.0013767069406343286,0.29366617854564614,0.0018799067660071795
128,49.0,0.00043506175966501355,0.3181695305676615,0.000669612170437961
129,36.0,8.434297185988848e-05,0.1839239733864984,0.00017639169696279002
130,55.0,0.0008783884964078128,-0.8429553575949734,0.0012595570808399048
131,43.0,0.000208192691427214,-1.3105288725302795,0.00035661850136988084
132,30.0,3.744139161695498e-05,-1.7362136125630665,0.0001328330406296655
133,51.0,0.0005519762454985965,-1.413748591113123,0.000823386366211769
134,37.0,9.62417449791194e-05,-1.4864682451740747,0.00019511812709937411
135,51.0,0.0005519762454985965,-1.412571499359908,0.000823386366211769
136,33.0,5.6440346457884884e-05,-0.7711741885966825,0.00014098888133031164
137,32.0,4.927166796986004e-05,-1.5735428090821293,0.0001328330406296655
138,32.0,4.927166796986004e-05,-1.5487904531218248,0.0001328330406296655
139,61.0,0.00171374872223273,-0.9830205841138588,0.002300223498178046
140,89.0,0.024805471018605443,-0.49868095881176205,0.028730531750160306
141,12.0,2.6560461936498363e-06,-1.8506386900422007,2.3549029280317914e-05
142,24.0,1.6051497646725775e-05,-1.901918456496144,9.270108044599885e-05
143,24.0,1.6051497646725775e-05,-1.7091634352661418,9.270108044599885e-05
144,39.0,0.00012495006911461987,-1.7003365780141282,0.0002362044099328925
145,32.0,4.927166796986004e-05,-1.6167534190981503,0.0001328330406296655
146,32.0,4.927166796986004e-05,-1.8574924152079233,0.0001328330406296655
147,16.0,4.913985671500474e-06,-2.0155102321262217,3.6179578715901156e-05
148,38.0,0.00010971329718310355,-1.1405187357606528,0.00021382204512929932
149,34.0,6.458954806893046e-05,-1.5182639649197753,0.00015003365501620565
150,32.0,4.927166796986004e-05,-1.6042678213295822,0.0001328330406296655
151,32.0,4.927166796986004e-05,-0.7136162605210231,0.0001328330406296655
152,39.0,0.00012495006911461987,-1.1416260475230422,0.0002362044099328925
153,50.0,0.0004902788163771723,-1.0657251004654513,0.0007445850781892157
154,6.0,1.0249638777286962e-06,-1.8830289342416635,1.183880295468283e-05
155,56.0,0.0009842246985925012,-0.6472653106944976,0.0013938570253407862
156,43.0,0.000208192691427214,-0.44006442968832066,0.00035661850136988084
157,46.0,0.0003022604012219167,-1.6237997343899466,0.0004860100193338354
158,43.0,0.000208192691427214,-1.7134810906315359,0.00035661850136988084
159,49.0,0.00043506175966501355,-1.6776548614194138,0.000669612170437961
160,47.0,0.0003416019137614296,-1.6905306481998696,0.0005402974992784421
161,42.0,0.00018350997127055085,-1.5789595452704195,0.00032178141201897426
162,48.0,0.00038569446679275734,-1.7250141606619003,0.0006024681559455106
163,41.0,0.00016159816419197644,-1.7134955668882028,0.000291478637131373
164,38.0,0.00010971329718310355,-1.7864466202376257,0.00021382204512929932
165,61.0,0.0015262038351964177,-1.414552869922589,0.0020795353122427377
166,46.0,0.0003022604012219167,-1.6600711344507189,0.0004860100193338354
167,32.0,4.927166796986004e-05,-1.847268379603231,0.0001328330406296655
168,21.0,1.0373009309962239e-05,-2.1725488150815346,6.595767030930534e-05
169,35.0,7.384400408432293e-05,-1.7969772569506626,0.0001614055575384767
170,16.0,4.913985671500474e-06,-2.300386658129663,3.6179578715901156e-05
171,35.0,7.384400408432293e-05,-2.0023550125804106,0.0001614055575384767
172,36.0,8.434297185988848e-05,-1.6533718136137858,0.00017639169696279002
173,37.0,9.62417449791194e-05,-1.7008245325092317,0.00019511812709937411
174,46.0,0.0003022604012219167,-1.6025668293309379,0.0004860100193338354
175,37.0,9.62417449791194e-05,-1.7865031373754303,0.00019511812709937411
176,48.0,0.00038569446679275734,-1.3563693748690604,0.0006024681559455106
177,68.0,0.0035801011687420837,-1.078263973040532,0.0045528761327740235
178,44.0,0.00023596856438047963,-1.9556844048405735,0.0003955851165845857
179,60.0,0.0015367385304895134,-1.4470722351062468,0.0020826198168851424
180,39.0,0.00012495006911461987,-1.7823656134269854,0.0002362044099328925
181,35.0,7.384400408432293e-05,-1.8772536152187433,0.0001614055575384767
182,39.0,0.00012495006911461987,-1.8357570870402726,0.0002362044099328925
183,44.0,0.00023596856438047963,-1.6348542578671783,0.0003955851165845857
184,37.0,9.62417449791194e-05,-1.975015659126551,0.00019511812709937411
185,31.0,4.297192229158306e-05,-1.9422708955117312,0.0001328330406296655
186,40.0,0.0001421659071940603,-1.6968155287689246,0.00026321599581959103
187,26.0,2.13704144601066e-05,-1.9445495961506163,0.00011547361289817257
188,42.0,0.00018350997127055085,-1.2021377981609735,0.00032178141201897426
189,34.0,6.458954806893046e-05,-1.8831599243935855,0.00015003365501620565
190,33.0,5.6440346457884884e-05,-1.6913184945719335,0.00014098888133031164
191,51.0,0.0005519762454985965,-1.3145888990860721,0.000823386366211769
192,17.0,5.717080058297835e-06,-1.9392455381540226,4.066555815478516e-05
193,28.0,2.8341608254942933e-05,-1.8208722993158863,0.0001328330406296655
194,19.0,7.715877875038547e-06,-1.9723514010841052,5.086015834907608e-05
195,1.0,4.5124337237472066e-07,-2.222363391424388,7.2835308438432475e-06
196,11.0,2.2718307606973213e-06,-2.6222008018368475,2.1345036774014386e-05
197,26.0,2.13704144601066e-05,-1.9410809014170134,0.00011547361289817257
198,19.0,7.715877875038547e-06,-2.1446199609251546,5.086015834907608e-05
199,23.0,1.3891019939050947e-05,-2.0426842575622244,8.288528011026134e-05
200,29.0,3.259107077597499e-05,-1.938497560082245,0.0001328330406296655
201,41.0,0.00016159816419197644,-1.673470252123417,0.000291478637131373
202,32.0,4.927166796986004e-05,-1.7337968117517069,0.0001328330406296655
203,14.0,3.6197823930798668e-06,-2.228035017657512,2.921350021081764e-05
204,38.0,0.00010971329718310355,-1.7798291494258074,0.00021382204512929932
205,34.0,6.458954806893046e-05,-1.729968883960956,0.00015003365501620565
206,32.0,4.927166796986004e-05,-1.9739832159549633,0.0001328330406296655
207,32.0,4.927166796986004e-05,-1.556356296492988,0.0001328330406296655
208,35.0,7.384400408432293e-05,-1.822085435772569,0.0001614055575384767
209,35.0,7.384400408432293e-05,-1.5729987091869977,0.0001614055575384767
210,32.0,4.927166796986004e-05,-1.4808025495625126,0.0001328330406296655
211,32.0,4.927166796986004e-05,-1.4898398718214114,0.0001328330406296655
212,32.0,4.927166796986004e-05,-1.8575953519219728,0.0001328330406296655
213,23.0,1.3891019939050947e-05,-2.171753293506732,8.288528011026134e-05
214,2.0,5.327479067501192e-07,-2.281741635706343,8.179629446321951e-06
215,27.0,2.4622340774383347e-05,-1.9279129371417378,0.00012652868177530054
216,25.0,1.852998601250972e-05,-2.2075362515741803,0.00010414844816852561
217,38.0,0.00010971329718310355,-1.6554150031162806,0.00021382204512929932
218,44.0,0.00023596856438047963,-1.3003562398077944,0.0003955851165845857
219,39.0,0.00012495006911461987,-1.3499128646892213,0.0002362044099328925
220,51.0,0.0005519762454985965,-0.8850424934449367,0.000823386366211769
221,73.0,0.005890948456870444,-0.824805707480509,0.007271278536470479
222,63.0,0.0021252456961388107,-1.146147807943557,0.00279883298267653
223,39.0,0.00012495006911461987,-1.4371855117548362,0.0002362044099328925
224,39.0,0.00012495006911461987,-1.8638497100078968,0.0002362044099328925
225,35.0,7.384400408432293e-05,-1.257607139543869,0.0001614055575384767
226,58.0,0.0012321719359254558,-1.2153534602529878,0.0017066055746206257
227,47.0,0.0003416019137614296,-1.4457089610883804,0.0005402974992784421
228,46.0,0.0003022604012219167,-1.4637813845827372,0.0004860100193338354
229,49.0,0.00043506175966501355,-0.7691932587817019,0.000669612170437961
230,32.0,4.927166796986004e-05,-1.9547613462378648,0.0001328330406296655
231,32.0,4.927166796986004e-05,-1.1246627472566046,0.0001328330406296655
232,28.0,2.8341608254942933e-05,-2.2552754461604034,0.0001328330406296655
233,45.0,0.00026719355298303777,-1.1672658968538379,0.000439160160842878
234,36.0,8.434297185988848e-05,-1.42240354817862,0.00017639169696279002
235,41.0,0.00016159816419197644,-0.870633049383828,0.000291478637131373
236,47.0,0.0003416019137614296,-0.891036977757462,0.0005402974992784421
237,50.0,0.0004902788163771723,-1.0910081610995375,0.0007445850781892157
238,42.0,0.00018350997127055085,-1.5675036175756407,0.00032178141201897426
239,27.0,2.4622340774383347e-05,-1.9658550522948122,0.00012652868177530054
240,36.0,8.434297185988848e-05,-1.739434783273784,0.00017639169696279002
241,40.0,0.0001421659071940603,-0.7996121497681421,0.00026321599581959103
242,10.0,1.9412968136189157e-06,-1.6792287327393995,1.939756101862075e-05
243,1.0,4.5124337237472066e-07,-2.425911065547051,7.2835308438432475e-06
244,4.0,7.403996756761338e-07,-2.643588893907443,9.511869302818903e-06
245,34.0,6.458954806893046e-05,-1.4433178463277365,0.00015003365501620565
246,34.0,6.458954806893046e-05,-1.4719767501397325,0.00015003365501620565
247,33.0,5.6440346457884884e-05,-1.528917210288488,0.00014098888133031164
248,32.0,4.927166796986004e-05,-1.3482195806932689,0.0001328330406296655
249,29.0,3.259107077597499e-05,-2.0885189512954447,0.0001328330406296655
250,34.0,6.458954806893046e-05,-0.820961481678255,0.00015003365501620565
251,39.0,0.00012495006911461987,-1.0501388600727894,0.0002362044099328925
252,23.0,1.3891019939050947e-05,-2.3808912668106297,8.288528011026134e-05
253,24.0,1.6051497646725775e-05,-2.5681755286895367,9.270108044599885e-05
254,11.0,2.2718307606973213e-06,-2.821889827117126,2.1345036774014386e-05
255,28.0,2.8341608254942933e-05,-2.2309785084425444,0.0001328330406296655
256,33.0,5.6440346457884884e-05,-1.4790581439853425,0.00014098888133031164
257,34.0,6.458954806893046e-05,-1.2944145630572834,0.00015003365501620565
258,27.0,2.4622340774383347e-05,-2.360873807277534,0.00012652868177530054
259,33.0,5.6440346457884884e-05,-1.9266085494816307,0.00014098888133031164
260,38.0,0.00010971329718310355,-1.076352543856907,0.00021382204512929932
261,32.0,4.927166796986004e-05,-1.7549742536516304,0.0001328330406296655
262,32.0,4.927166796986004e-05,-1.769306894236977,0.0001328330406296655
263,32.0,4.927166796986004e-05,-1.6053352371403684,0.0001328330406296655
264,27.0,2.4622340774383347e-05,-2.212100155127936,0.00012652868177530054
265,32.0,4.927166796986004e-05,-1.2203212187998578,0.0001328330406296655
266,32.0,4.927166796986004e-05,-1.4930073152179995,0.0001328330406296655
267,32.0,4.927166796986004e-05,-1.7297876910551946,0.0001328330406296655
268,32.0,4.927166796986004e-05,-1.6987331377195396,0.0001328330406296655
269,32.0,4.927166796986004e-05,-1.6721107521065213,0.0001328330406296655
270,19.0,7.715877875038547e-06,-2.404707246525518,5.086015834907608e-05
271,34.0,6.458954806893046e-05,-1.9416163169505234,0.00015003365501620565
272,32.0,4.927166796986004e-05,-1.7845153327049181,0.0001328330406296655
273,32.0,4.927166796986004e-05,-1.4937990425581724,0.0001328330406296655
274,32.0,4.927166796986004e-05,-1.3033008381220645,0.0001328330406296655
275,32.0,4.927166796986004e-05,-1.169486286144507,0.0001328330406296655
276,11.0,2.2718307606973213e-06,-2.325559348933703,2.1345036774014386e-05
277,33.0,5.6440346457884884e-05,-1.8043730339418123,0.00014098888133031164
278,36.0,8.434297185988848e-05,-1.9202655449399715,0.00017639169696279002
279,39.0,0.00012495006911461987,-1.4921610876324143,0.0002362044099328925
280,37.0,9.62417449791194e-05,-1.3368381793548412,0.00019511812709937411
281,36.0,8.434297185988848e-05,-1.6252782458966537,0.00017639169696279002
282,33.0,5.6440346457884884e-05,-1.8555619879133167,0.00014098888133031164
283,40.0,0.0001421659071940603,-1.7739112580828729,0.00026321599581959103
284,34.0,6.458954806893046e-05,-1.8860209126028933,0.00015003365501620565
285,37.0,9.62417449791194e-05,-1.8688577371565434,0.00019511812709937411
286,50.0,0.0004902788163771723,-1.6017791208248398,0.0007445850781892157
287,11.0,2.2718307606973213e-06,-2.267076939937321,2.1345036774014386e-05
288,17.0,5.717080058297835e-06,-2.2087700778033197,4.066555815478516e-05
289,32.0,4.927166796986004e-05,-1.042842114443,0.0001328330406296655
290,32.0,4.927166796986004e-05,-1.783554092349175,0.0001328330406296655
291,36.0,8.434297185988848e-05,-1.7694396663882175,0.00017639169696279002
292,30.0,3.744139161695498e-05,-2.103705225447144,0.0001328330406296655
293,39.0,0.00012495006911461987,-1.3866136739785857,0.0002362044099328925
294,38.0,0.00010971329718310355,-1.5240393721360337,0.00021382204512929932
295,39.0,0.00012495006911461987,-0.8112371855540207,0.0002362044099328925
296,41.0,0.00016159816419197644,-1.4346714682694386,0.000291478637131373
297,37.0,9.62417449791194e-05,-1.6430635766097508,0.00019511812709937411
298,35.0,7.384400408432293e-05,-1.5489792692891589,0.0001614055575384767
299,35.0,7.384400408432293e-05,-1.7020659470982993,0.0001614055575384767
300,35.0,7.384400408432293e-05,-1.2173488770727148,0.0001614055575384767
301,33.0,5.6440346457884884e-05,-0.8427231898088514,0.00014098888133031164
302,32.0,4.927166796986004e-05,-0.9338079604753102,0.0001328330406296655
303,38.0,0.00010971329718310355,-1.5112878185037608,0.00021382204512929932
304,36.0,8.434297185988848e-05,-0.9504785430525012,0.00017639169696279002
305,51.0,0.0005519762454985965,-0.6522535416387188,0.000823386366211769
306,35.0,7.384400408432293e-05,-1.0232934192891767,0.0001614055575384767
307,38.0,0.00010971329718310355,-1.6289365929301625,0.00021382204512929932
308,50.0,0.0004902788163771723,-1.083642380563989,0.0007445850781892157
309,48.0,0.00038569446679275734,-1.1847026375459233,0.0006024681559455106
310,48.0,0.00038569446679275734,-1.3734898060746925,0.0006024681559455106
311,33.0,5.6440346457884884e-05,-1.382176628999916,0.00014098888133031164
312,43.0,0.000208192691427214,-1.0559678126533085,0.00035661850136988084
313,32.0,4.927166796986004e-05,-1.2424190792043948,0.0001328330406296655
314,34.0,6.458954806893046e-05,-1.4446249682998378,0.00015003365501620565
315,36.0,8.434297185988848e-05,-1.3867411680404127,0.00017639169696279002
316,34.0,6.458954806893046e-05,-1.5620624778123993,0.00015003365501620565
317,32.0,4.927166796986004e-05,-1.4051689659589601,0.0001328330406296655
318,32.0,4.927166796986004e-05,-1.567654666341329,0.0001328330406296655
319,37.0,9.62417449791194e-05,-1.371661863911228,0.00019511812709937411
320,35.0,7.384400408432293e-05,-0.9704378048647913,0.0001614055575384767
321,36.0,8.434297185988848e-05,-1.8065454905163858,0.00017639169696279002
322,32.0,4.927166796986004e-05,-1.3076386364784849,0.0001328330406296655
323,33.0,5.6440346457884884e-05,-1.3099816508020088,0.00014098888133031164
324,32.0,4.927166796986004e-05,-1.0739972553652946,0.0001328330406296655
325,32.0,4.927166796986004e-05,-1.7560250982512389,0.0001328330406296655
326,32.0,4.927166796986004e-05,-1.2579398328609481,0.0001328330406296655
327,32.0,4.927166796986004e-05,-1.6836925282231694,0.0001328330406296655
328,34.0,6.458954806893046e-05,-1.6076995487201424,0.00015003365501620565
329,32.0,4.927166796986004e-05,-1.832113290183207,0.0001328330406296655
330,32.0,4.927166796986004e-05,-1.660420076244071,0.0001328330406296655
331,32.0,4.927166796986004e-05,-1.6298173482726548,0.0001328330406296655
332,32.0,4.927166796986004e-05,-1.045600162018891,0.0001328330406296655
333,16.0,4.913985671500474e-06,-2.0156422086211796,3.6179578715901156e-05
334,16.0,4.913985671500474e-06,-2.213808689857704,3.6179578715901156e-05
335,33.0,5.6440346457884884e-05,-1.2577128550912628,0.00014098888133031164
336,29.0,3.259107077597499e-05,-2.062680325463915,0.0001328330406296655
337,31.0,4.297192229158306e-05,-1.7491440787969232,0.0001328330406296655
338,32.0,4.927166796986004e-05,-2.1333872349320835,0.0001328330406296655
339,32.0,4.927166796986004e-05,-1.5409907087248924,0.0001328330406296655
340,32.0,4.927166796986004e-05,-0.7648295459728689,0.0001328330406296655
341,14.0,3.6197823930798668e-06,-2.112750274137316,2.921350021081764e-05
342,13.0,3.102209052989918e-06,-2.287535809720118,2.621262548801548e-05
343,15.0,4.219587632352974e-06,-2.379317814940399,3.299665111262357e-05
344,19.0,7.715877875038547e-06,-1.5307612766898702,5.086015834907608e-05
345,31.0,4.297192229158306e-05,-1.4919123418521383,0.0001328330406296655
346,33.0,5.6440346457884884e-05,-1.4320623224418914,0.00014098888133031164
347,29.0,3.259107077597499e-05,-1.7590954712047893,0.0001328330406296655
348,4.0,7.403996756761338e-07,-1.815291559068463,9.511869302818903e-06
349,6.0,1.0249638777286962e-06,-2.1677943548491725,1.183880295468283e-05
350,26.0,2.13704144601066e-05,-2.1550166435122127,0.00011547361289817257
351,35.0,7.384400408432293e-05,-1.6585041540860026,0.0001614055575384767
352,40.0,0.0001421659071940603,-1.268887255452981,0.00026321599581959103
353,45.0,0.00026719355298303777,-1.4862095731198637,0.000439160160842878
354,44.0,0.00023596856438047963,-0.4445576622389639,0.0003955851165845857
355,33.0,5.6440346457884884e-05,-1.085069749575682,0.00014098888133031164
356,39.0,0.00012495006911461987,-1.1361911784947167,0.0002362044099328925
357,41.0,0.00016159816419197644,-1.1453262754023115,0.000291478637131373
358,33.0,5.6440346457884884e-05,-0.7255945779221595,0.00014098888133031164
359,42.0,0.00018350997127055085,-0.5710371348297705,0.00032178141201897426
360,43.0,0.000208192691427214,-1.391746226228967,0.00035661850136988084
361,36.0,8.434297185988848e-05,-0.9313508255609871,0.00017639169696279002
362,44.0,0.00023596856438047963,-0.7412832782117755,0.0003955851165845857
363,32.0,4.927166796986004e-05,-1.6642285075676855,0.0001328330406296655
364,33.0,5.6440346457884884e-05,-1.588102197125641,0.00014098888133031164
365,21.0,1.0373009309962239e-05,-2.248820829539878,6.595767030930534e-05
366,35.0,7.384400408432293e-05,-0.6819996313820084,0.0001614055575384767
367,19.0,7.715877875038547e-06,-2.751777421346546,5.086015834907608e-05
368,12.0,2.6560461936498363e-06,-2.460160520113445,2.3549029280317914e-05
369,33.0,5.6440346457884884e-05,-1.4900055248468238,0.00014098888133031164
370,12.0,2.6560461936498363e-06,-2.398352594914309,2.3549029280317914e-05
371,28.0,2.8341608254942933e-05,-2.21805964641203,0.0001328330406296655
372,19.0,7.715877875038547e-06,-2.212892583657829,5.086015834907608e-05
373,14.0,3.6197823930798668e-06,-2.3326596153482617,2.921350021081764e-05
374,33.0,5.6440346457884884e-05,-1.2604351714107558,0.00014098888133031164
375,34.0,6.458954806893046e-05,-1.5335056640898066,0.00015003365501620565
376,40.0,0.0001421659071940603,-1.5176990191639401,0.00026321599581959103
377,35.0,7.384400408432293e-05,-1.6576877418958604,0.0001614055575384767
378,38.0,0.00010971329718310355,-1.7550617014304692,0.00021382204512929932
379,96.0,0.04322093203214055,-0.3191835899876236,0.049111149303668736
380,90.0,0.026926406308717708,-0.3879481624006714,0.03115840582966507
381,102.0,0.06716709462993983,-0.5573124412460834,0.0747026255645709
382,107.0,0.09464749900442188,-0.49097037190064674,0.1041618892015447
383,119.0,0.19727749779456083,-0.38946064341613895,0.21138074019008687
384,119.0,0.19727749779456083,-0.2999794878765267,0.21138074019008687
385,115.0,0.1565736254753674,-0.2831095621819808,0.16979000385313314
386,110.0,0.11423751215731115,-0.34947094019575486,0.12495658367163748
387,53.0,0.000697640009292997,-1.4966467974903097,0.0010177621920044995
388,73.0,0.005890948456870444,-0.9207828199365486,0.007271278536470479
389,57.0,0.0011017651365777667,-1.2034135130813763,0.0015412470077237868
390,45.0,0.00026719355298303777,-1.7109005349479889,0.000439160160842878
391,32.0,4.927166796986004e-05,-1.370791375674805,0.0001328330406296655
392,56.0,0.0009842246985925012,-1.15386203672088,0.0013938570253407862
393,26.0,2.13704144601066e-05,-1.9840364556846999,0.00011547361289817257
394,14.0,3.6197823930798668e-06,-2.251659439878497,2.921350021081764e-05
395,29.0,3.259107077597499e-05,-2.117784679791223,0.0001328330406296655
396,47.0,0.0003385974017144109,-1.1795014674670918,0.0005402974992784421
397,10.0,1.9412968136189157e-06,-1.771364790852567,1.939756101862075e-05
398,51.0,0.0005519762454985965,-1.0869504344357128,0.000823386366211769
399,40.0,0.0001421659071940603,-1.0748929337202433,0.00026321599581959103
400,59.0,0.0013767069406343286,-0.7601714549728044,0.0018799067660071795
401,58.0,0.0012321719359254558,-1.3646398022004065,0.0017066055746206257
402,73.0,0.005890948456870444,-1.3257957404068037,0.007271278536470479
403,42.0,0.00018350997127055085,-1.5319648672872253,0.00032178141201897426
404,62.0,0.0019093405472766203,-0.7446854396729506,0.0025357170348325577
405,76.0,0.007853986337031556,-1.048481069578416,0.009517005580676351
406,53.0,0.000697640009292997,-1.4240630889743817,0.0010177621920044995
407,48.0,0.00038569446679275734,-1.0360824712594565,0.0006024681559455106
408,59.0,0.0013767069406343286,-0.9894397648818384,0.0018799067660071795
409,64.0,0.002363332417024863,-1.1852476714292155,0.003080160986577953
410,53.0,0.000697640009292997,-1.2585005689606283,0.0010177621920044995
411,72.0,0.005342445385435944,-1.1084875852690819,0.006633272919392361
412,77.0,0.008628130702045713,-1.0387095366306314,0.010385101867949859
413,21.0,1.0373009309962239e-05,-2.1730275444467115,6.595767030930534e-05
414,6.0,1.0249638777286962e-06,-2.5197872601964444,1.183880295468283e-05
415,18.0,6.644944579423332e-06,-2.2734671744443573,4.622091284803302e-05
416,27.0,2.4622340774383347e-05,-1.980003351438473,0.00012652868177530054
417,23.0,1.3891019939050947e-05,-2.1641484171690206,8.288528011026134e-05
418,35.0,7.384400408432293e-05,-1.8386080602477943,0.0001614055575384767
419,36.0,8.434297185988848e-05,-1.2979021910143838,0.00017639169696279002
420,44.0,0.00023596856438047963,-1.1315258270375328,0.0003955851165845857
421,69.0,0.003962480273498222,-0.8592149842640747,0.004993756420755017
422,51.0,0.0005519762454985965,-1.550310104260665,0.000823386366211769
423,58.0,0.0012321719359254558,-0.9682455402111123,0.0017066055746206257
424,40.0,0.0001421659071940603,-1.6868701635807226,0.00026321599581959103
425,68.0,0.0035801011687420837,-0.8702788157205612,0.0045528761327740235
426,55.0,0.0008783884964078128,-1.0284055566804113,0.0012595570808399048
427,10.0,1.9412968136189157e-06,-2.3246879254301476,1.939756101862075e-05
428,18.0,6.644944579423332e-06,-2.058894046430225,4.622091284803302e-05
429,31.0,4.297192229158306e-05,-1.8341105778555438,0.0001328330406296655
430,38.0,0.00010971329718310355,-1.9142758127634272,0.00021382204512929932
431,36.0,8.434297185988848e-05,-1.9692005381677402,0.00017639169696279002
432,43.0,0.000208192691427214,-1.5380374068857043,0.00035661850136988084
433,53.0,0.000697640009292997,-1.262834452955323,0.0010177621920044995
434,11.0,2.2718307606973213e-06,-2.2917049320244067,2.1345036774014386e-05
435,34.0,6.458954806893046e-05,-1.2789017903805953,0.00015003365501620565
436,39.0,0.00012495006911461987,-1.286150819758086,0.0002362044099328925
437,47.0,0.0003416019137614296,-0.08392790623987968,0.0005402974992784421
438,20.0,8.95068790134129e-06,-1.8885351706728246,5.8388166154345515e-05
439,53.0,0.000697640009292997,-0.9016577446424724,0.0010177621920044995
440,42.0,0.00018350997127055085,-1.4925295819353137,0.00032178141201897426
441,44.0,0.00023596856438047963,-1.42460977972715,0.0003955851165845857
442,86.0,0.019287564463529205,-0.5498101176365028,0.02254693004603832
443,31.0,4.297192229158306e-05,-1.3708517338947723,0.0001328330406296655
444,25.0,1.852998601250972e-05,-1.2743034452821733,0.00010414844816852561
445,24.0,1.6051497646725775e-05,-1.3714331905994122,9.270108044599885e-05
446,60.0,0.0015367385304895134,-0.8392949603671928,0.0020826198168851424
447,63.0,0.0021252456961388107,-1.236429459310363,0.00279883298267653
448,70.0,0.004381587905306257,-0.7964981769803013,0.005478072664131656
449,75.0,0.007142655849520817,-0.6663497335922633,0.008688506004392955
450,52.0,0.0006208447664486337,-0.0036831008908675186,0.0009206637938266546
451,60.0,0.00040383589117352973,-1.1846368037382045,0.0006300240235284683
452,113.0,0.13877685064612166,-0.4844973191454627,0.1506207370374717
453,110.0,0.11505611493146778,-0.18346030758406695,0.12541614605949605
454,91.0,0.029202112474096775,-0.9052224983982857,0.0336988630658917
455,62.0,0.0019093405472766203,-0.6602722523653208,0.0025357170348325577
456,87.0,0.020994119733023415,-0.1971472725567811,0.024451060817647065
457,128.0,0.3159451110985233,-0.33571742080984956,0.33010364719754426
458,27.0,2.4622340774383347e-05,-1.6885983943906626,0.00012652868177530054
459,32.0,4.927166796986004e-05,-1.592418634735259,0.0001328330406296655
460,53.0,0.000697640009292997,-0.8320047628034863,0.0010177621920044995
461,8.0,1.413351011099607e-06,-1.5283311632262324,1.5208623273285514e-05
462,51.0,0.0005519762454985965,-1.2355066044516905,0.000823386366211769
463,43.0,0.000208192691427214,-0.9247057051806367,0.00035661850136988084
464,49.0,0.00043506175966501355,-0.9431208290730647,0.000669612170437961
465,39.0,0.00012495006911461987,-1.6737194022857969,0.0002362044099328925
466,42.0,0.00018350997127055085,-0.6599550749043932,0.00032178141201897426
467,33.0,5.6440346457884884e-05,-1.5710084816180352,0.00014098888133031164
468,45.0,0.00026719355298303777,-1.4050891989450762,0.000439160160842878
469,5.0,8.71565594594538e-07,-2.7479465547290216,1.0757853760730621e-05
470,5.0,8.71565594594538e-07,-1.9021603009270105,1.0757853760730621e-05
471,42.0,0.00018350997127055085,-1.495443135463568,0.00032178141201897426
472,37.0,9.62417449791194e-05,-1.5634811451390962,0.00019511812709937411
473,38.0,0.00010971329718310355,-1.5590924530092445,0.00021382204512929932
474,12.0,2.6560461936498363e-06,-2.1389217364415445,2.3549029280317914e-05
475,43.0,0.000208192691427214,-1.521675184526874,0.00035661850136988084
476,41.0,0.00016159816419197644,-1.6121956807153999,0.000291478637131373
477,61.0,0.00171374872223273,-1.3522835219966407,0.002300223498178046
478,80.0,0.011375720999960516,-0.003751813409847226,0.013511351640519143
479,71.0,0.00484048664005373,-0.3559014409478419,0.0060338343364630155
480,74.0,0.0036211099883636977,-0.37181069802970407,0.004600380903481227
481,78.0,0.005549131851113269,-0.24523474897715009,0.00688311034537104
482,38.0,0.00010971329718310355,-0.7994914596605494,0.00021382204512929932
483,56.0,0.0009842246985925012,-0.7701831054416308,0.0013938570253407862
484,45.0,0.00026719355298303777,-1.8328522526385747,0.000439160160842878
485,77.0,0.008628130702045713,-1.162128301685341,0.010385101867949859
486,13.0,3.102209052989918e-06,-2.39396369817353,2.621262548801548e-05
487,37.0,9.62417449791194e-05,-1.4891284712111215,0.00019511812709937411
488,55.0,0.0008783884964078128,-1.104937705554722,0.0012595570808399048
489,64.0,0.002363332417024863,-0.8905265896773844,0.003080160986577953
490,46.0,0.0003022604012219167,-1.3151543131816974,0.0004860100193338354
491,22.0,1.2009657071041804e-05,-1.7513892790677315,7.560079126220815e-05
492,10.0,1.9412968136189157e-06,-2.1326742880522653,1.939756101862075e-05
493,0.0,3.818334157281001e-07,-2.508954990824485,6.867546720023973e-06
494,0.0,3.818334157281001e-07,-1.902630984572573,6.867546720023973e-06
495,15.0,4.219587632352974e-06,-1.5848196557995589,3.299665111262357e-05
496,13.0,3.102209052989918e-06,-1.6807039667893302,2.621262548801548e-05
497,16.0,4.913985671500474e-06,-1.564118473196633,3.6179578715901156e-05
498,10.0,1.9412968136189157e-06,-1.9947807274039937,1.939756101862075e-05
499,32.0,4.927166796986004e-05,-0.7862808781190651,0.0001328330406296655
500,18.0,6.644944579423332e-06,-1.6409651329577455,4.622091284803302e-05
501,8.0,1.413351011099607e-06,-1.929050392969215,1.5208623273285514e-05
502,28.0,2.8341608254942933e-05,-1.5770050496198906,0.0001328330406296655
503,33.0,5.6440346457884884e-05,-0.28829845990197644,0.00014098888133031164
504,44.0,0.00023596856438047963,-0.30004054528456947,0.0003955851165845857
505,44.0,0.00023596856438047963,-0.0552648271738613,0.0003955851165845857
506,55.0,0.0008783884964078128,-0.9506881271989854,0.0012595570808399048
507,53.0,0.000697640009292997,-1.2165192247978291,0.0010177621920044995
508,55.0,0.0008783884964078128,-0.778126389413467,0.0012595570808399048
509,45.0,0.00026719355298303777,-1.1068287292301973,0.000439160160842878
510,48.0,0.00038569446679275734,-0.8690592918673267,0.0006024681559455106
511,40.0,0.0001421659071940603,-1.2333358958910265,0.00026321599581959103
512,36.0,8.434297185988848e-05,-1.5001964356279869,0.00017639169696279002
513,33.0,5.6440346457884884e-05,-1.7849009771332993,0.00014098888133031164
514,27.0,2.4622340774383347e-05,-1.7452440360848591,0.00012652868177530054
515,23.0,1.3891019939050947e-05,-2.92525916598966,8.288528011026134e-05
516,32.0,4.927166796986004e-05,-0.8444083303859651,0.0001328330406296655
517,34.0,6.458954806893046e-05,-0.5619312148674797,0.00015003365501620565
518,32.0,4.927166796986004e-05,-1.9852166812100094,0.0001328330406296655
519,32.0,4.927166796986004e-05,-1.6562601864023505,0.0001328330406296655
520,32.0,4.927166796986004e-05,-1.7541056184523354,0.0001328330406296655
521,32.0,4.927166796986004e-05,-1.6218952669298619,0.0001328330406296655
522,32.0,4.927166796986004e-05,-2.1285597147469106,0.0001328330406296655
523,32.0,4.927166796986004e-05,-2.042945669809977,0.0001328330406296655
524,32.0,4.927166796986004e-05,-1.7316074807067128,0.0001328330406296655
525,32.0,4.927166796986004e-05,-1.5201411971314767,0.0001328330406296655
526,32.0,4.927166796986004e-05,-1.2880545314701994,0.0001328330406296655
527,32.0,4.927166796986004e-05,-1.291162834268185,0.0001328330406296655
528,32.0,4.927166796986004e-05,-0.9802996369634656,0.0001328330406296655
529,35.0,7.384400408432293e-05,-1.992539443769206,0.0001614055575384767
530,32.0,4.927166796986004e-05,-0.32723863473181414,0.0001328330406296655
531,34.0,6.458954806893046e-05,-0.7630612776995099,0.00015003365501620565
532,34.0,6.458954806893046e-05,-1.1431585692263844,0.00015003365501620565
533,34.0,6.458954806893046e-05,-0.6907164546984053,0.00015003365501620565
534,41.0,0.00016159816419197644,-0.7945712163372198,0.000291478637131373
535,37.0,9.62417449791194e-05,-1.168707077550586,0.00019511812709937411
536,32.0,4.927166796986004e-05,-2.04730514557232,0.0001328330406296655
537,32.0,4.927166796986004e-05,-1.7533959746358354,0.0001328330406296655
538,32.0,4.927166796986004e-05,-1.2416243461322236,0.0001328330406296655
539,36.0,8.434297185988848e-05,-1.5301338327031828,0.00017639169696279002
540,24.0,1.6051497646725775e-05,-1.7401223650607538,9.270108044599885e-05
541,29.0,3.259107077597499e-05,-1.7695011068922704,0.0001328330406296655
542,32.0,4.927166796986004e-05,-1.946098590303911,0.0001328330406296655
543,32.0,4.927166796986004e-05,-1.5928367619886914,0.0001328330406296655
544,32.0,4.927166796986004e-05,-1.7958617175921803,0.0001328330406296655
545,32.0,4.927166796986004e-05,-1.849005824938864,0.0001328330406296655
546,32.0,4.927166796986004e-05,-1.3623902152717215,0.0001328330406296655
547,32.0,4.927166796986004e-05,-1.553859693908321,0.0001328330406296655
548,32.0,4.927166796986004e-05,-1.8495164909246555,0.0001328330406296655
549,32.0,4.927166796986004e-05,-1.7164052922564297,0.0001328330406296655
550,32.0,4.927166796986004e-05,-1.4186238587150657,0.0001328330406296655
551,32.0,4.927166796986004e-05,-1.4448266305615045,0.0001328330406296655
552,32.0,4.927166796986004e-05,-1.5173614219594367,0.0001328330406296655
553,32.0,4.927166796986004e-05,-1.879533035110985,0.0001328330406296655
554,32.0,4.927166796986004e-05,-1.6343710976354737,0.0001328330406296655
555,32.0,4.927166796986004e-05,-1.723076733640851,0.0001328330406296655
556,32.0,4.927166796986004e-05,-1.4556566010189598,0.0001328330406296655
557,32.0,4.927166796986004e-05,-1.4032297696414802,0.0001328330406296655
558,32.0,4.927166796986004e-05,-1.76037216035387,0.0001328330406296655
559,28.0,2.8341608254942933e-05,-2.2288194517290596,0.0001328330406296655
560,32.0,4.927166796986004e-05,-0.8341082727162032,0.0001328330406296655
561,21.0,1.0373009309962239e-05,-2.3824186397610734,6.595767030930534e-05
562,32.0,4.927166796986004e-05,-0.3241053962037649,0.0001328330406296655
563,32.0,4.927166796986004e-05,-1.6283509279228707,0.0001328330406296655
564,32.0,4.927166796986004e-05,-1.1236004659133958,0.0001328330406296655
565,16.0,4.913985671500474e-06,-1.9653539124640524,3.6179578715901156e-05
566,32.0,4.927166796986004e-05,-1.279128541755639,0.0001328330406296655
567,32.0,4.927166796986004e-05,-1.00801889286129,0.0001328330406296655
568,32.0,4.927166796986004e-05,-0.9353795723376606,0.0001328330406296655
569,36.0,8.434297185988848e-05,-1.622505648309338,0.00017639169696279002
570,33.0,5.6440346457884884e-05,-1.9370658185211778,0.00014098888133031164
571,17.0,5.717080058297835e-06,-2.3352520048220273,4.066555815478516e-05
572,32.0,4.927166796986004e-05,-1.963134030049992,0.0001328330406296655
573,32.0,4.927166796986004e-05,-1.687059580060272,0.0001328330406296655
574,32.0,4.927166796986004e-05,-1.6705941250129426,0.0001328330406296655
575,36.0,8.434297185988848e-05,-1.4327157954685081,0.00017639169696279002
576,32.0,4.927166796986004e-05,-0.8404659336695165,0.0001328330406296655
577,32.0,4.927166796986004e-05,-1.317666542407419,0.0001328330406296655
578,33.0,5.6440346457884884e-05,-0.889637363769324,0.00014098888133031164
579,34.0,6.458954806893046e-05,-0.6851983142603562,0.00015003365501620565
580,32.0,4.927166796986004e-05,-1.0411429561434193,0.0001328330406296655
581,30.0,3.744139161695498e-05,-2.0695000833451584,0.0001328330406296655
582,35.0,7.384400408432293e-05,-1.8928646408628336,0.0001614055575384767
583,12.0,2.6560461936498363e-06,-1.9217312226389636,2.3549029280317914e-05
584,34.0,6.458954806893046e-05,-1.698738798210242,0.00015003365501620565
585,13.0,3.102209052989918e-06,-1.8684011701904308,2.621262548801548e-05
586,29.0,1.3661449793126786e-05,-1.5963424352758953,8.288528011026134e-05
587,27.0,2.4622340774383347e-05,-2.333079543917147,0.00012652868177530054
588,32.0,4.927166796986004e-05,-1.2925928597651544,0.0001328330406296655
589,32.0,4.927166796986004e-05,-1.9722067422311975,0.0001328330406296655
590,31.0,4.297192229158306e-05,-1.7149904175689705,0.0001328330406296655
591,34.0,6.458954806893046e-05,-1.2543393549837156,0.00015003365501620565
592,33.0,5.6440346457884884e-05,-1.2364009079522982,0.00014098888133031164
593,5.0,8.71565594594538e-07,-2.5981076810974977,1.0757853760730621e-05
594,31.0,4.297192229158306e-05,-2.403279288385815,0.0001328330406296655
595,27.0,2.4622340774383347e-05,-2.206193359004986,0.00012652868177530054
596,13.0,3.102209052989918e-06,-2.9780244598384105,2.621262548801548e-05
597,33.0,5.6440346457884884e-05,-1.7901214435514887,0.00014098888133031164
598,32.0,4.927166796986004e-05,-1.200879670282943,0.0001328330406296655
599,35.0,7.384400408432293e-05,-1.2325946314527056,0.0001614055575384767
600,33.0,5.6440346457884884e-05,-1.9020411349991015,0.00014098888133031164
601,32.0,4.927166796986004e-05,-1.8774170526043314,0.0001328330406296655
602,30.0,3.744139161695498e-05,-2.0017836980299633,0.0001328330406296655
603,33.0,5.6440346457884884e-05,-1.3880156041359488,0.00014098888133031164
604,32.0,4.927166796986004e-05,-1.3796779667474997,0.0001328330406296655
605,32.0,4.927166796986004e-05,-1.988170311523503,0.0001328330406296655
606,32.0,4.927166796986004e-05,-1.9298147193588493,0.0001328330406296655
607,35.0,7.384400408432293e-05,-1.375550182369189,0.0001614055575384767
608,32.0,4.927166796986004e-05,-2.0821520616319793,0.0001328330406296655
609,17.0,5.717080058297835e-06,-2.347297306187268,4.066555815478516e-05
610,33.0,5.6440346457884884e-05,-1.8684442685113591,0.00014098888133031164
611,32.0,4.927166796986004e-05,-1.902094484663355,0.0001328330406296655
612,32.0,4.927166796986004e-05,-1.9782546472728546,0.0001328330406296655
613,32.0,4.927166796986004e-05,-1.7396332702059403,0.0001328330406296655
614,16.0,4.913985671500474e-06,-2.3368223422002163,3.6179578715901156e-05
615,31.0,4.297192229158306e-05,-2.204954700248331,0.0001328330406296655
616,32.0,4.927166796986004e-05,-1.5878155574476907,0.0001328330406296655
617,32.0,4.927166796986004e-05,-1.2281699648877584,0.0001328330406296655
618,33.0,5.6440346457884884e-05,-1.8945946318849975,0.00014098888133031164
619,34.0,6.458954806893046e-05,-1.8243536601923425,0.00015003365501620565
620,32.0,4.927166796986004e-05,-2.3713186499493943,0.0001328330406296655
621,32.0,4.927166796986004e-05,-1.5123034660346992,0.0001328330406296655
622,32.0,4.927166796986004e-05,-1.4322523179524345,0.0001328330406296655
623,32.0,4.927166796986004e-05,-1.8093505556100984,0.0001328330406296655
624,32.0,4.927166796986004e-05,-1.4100645784506023,0.0001328330406296655
625,32.0,4.927166796986004e-05,-1.6642719579561116,0.0001328330406296655
626,32.0,4.927166796986004e-05,-1.5391278014998955,0.0001328330406296655
627,29.0,3.259107077597499e-05,-1.9638086796846939,0.0001328330406296655
628,32.0,4.927166796986004e-05,-1.649822560268344,0.0001328330406296655
629,32.0,4.927166796986004e-05,-1.6846842970622906,0.0001328330406296655
630,34.0,6.458954806893046e-05,-1.7308075422887421,0.00015003365501620565
631,33.0,5.6440346457884884e-05,-1.6242382883251834,0.00014098888133031164
632,32.0,4.927166796986004e-05,-1.9273259991636713,0.0001328330406296655
633,28.0,2.8341608254942933e-05,-2.333537246713586,0.0001328330406296655
634,38.0,0.00010971329718310355,-1.6322416310548393,0.00021382204512929932
635,33.0,5.6440346457884884e-05,-1.0988103692638314,0.00014098888133031164
636,32.0,4.927166796986004e-05,-1.3758878899077078,0.0001328330406296655
637,32.0,4.927166796986004e-05,-1.6146672644887796,0.0001328330406296655
638,32.0,4.927166796986004e-05,-1.6271324206952897,0.0001328330406296655
639,32.0,4.927166796986004e-05,-1.5101769298936274,0.0001328330406296655
640,43.0,0.000208192691427214,-1.198598718150201,0.00035661850136988084
641,32.0,4.927166796986004e-05,-1.517617582823712,0.0001328330406296655
642,12.0,2.6560461936498363e-06,-1.4865831273360495,2.3549029280317914e-05
643,23.0,1.3891019939050947e-05,-2.1455046570270206,8.288528011026134e-05
644,57.0,0.0011017651365777667,-0.899072050682338,0.0015412470077237868
645,76.0,0.007853986337031556,-0.9171461109782889,0.009517005580676351
646,46.0,0.0003022604012219167,-0.8994919019946037,0.0004860100193338354
647,53.0,0.000697640009292997,-0.6694085154791871,0.0010177621920044995
648,33.0,5.6440346457884884e-05,-1.7472929805669757,0.00014098888133031164
649,63.0,0.0021252456961388107,-1.0344319797724901,0.00279883298267653
650,74.0,0.006489704591886318,-0.8655564612721798,0.007955733282555867
651,41.0,0.00016159816419197644,-1.6466745507024216,0.000291478637131373
652,6.0,1.0249638777286962e-06,-2.2295603910454567,1.183880295468283e-05
653,4.0,7.403996756761338e-07,-2.715808975365147,9.511869302818903e-06
654,38.0,0.00010971329718310355,-1.6079872372331672,0.00021382204512929932
655,50.0,0.0004902788163771723,-1.3819549388089376,0.0007445850781892157
656,45.0,0.00026719355298303777,-1.5543637308032272,0.000439160160842878
657,52.0,0.0006208447664486337,-1.548008514303749,0.0009206637938266546
658,34.0,6.458954806893046e-05,-1.7984792898674955,0.00015003365501620565
659,43.0,0.000208192691427214,-0.6292160613566555,0.00035661850136988084
660,49.0,0.00043506175966501355,-0.6002888580645578,0.000669612170437961
661,38.0,0.00010971329718310355,-0.9962266833959641,0.00021382204512929932
662,66.0,0.002914255399433271,-0.580251165839299,0.0037439260692719266
663,68.0,0.0035801011687420837,-1.0171529161981705,0.0045528761327740235
664,58.0,0.0012321719359254558,-0.9887150701107116,0.0017066055746206257
665,32.0,4.927166796986004e-05,-0.7450606727629003,0.0001328330406296655
666,31.0,4.297192229158306e-05,-1.5784369073398614,0.0001328330406296655
667,31.0,4.297192229158306e-05,-1.7837782598334773,0.0001328330406296655
668,36.0,8.434297185988848e-05,-0.44139424851778347,0.00017639169696279002
669,32.0,4.927166796986004e-05,0.08549225050625484,0.0001328330406296655
670,62.0,0.0019093405472766203,-1.0491685160905304,0.0025357170348325577
671,58.0,0.0012321719359254558,-0.5393613411059128,0.0017066055746206257
672,32.0,4.927166796986004e-05,-0.8163868593079471,0.0001328330406296655
673,64.0,0.002363332417024863,-0.421558438148901,0.003080160986577953
674,62.0,0.0019093405472766203,-1.1274906302933687,0.0025357170348325577
675,32.0,4.927166796986004e-05,-1.0930387034589473,0.0001328330406296655
676,61.0,0.00171374872223273,-0.7308931544378441,0.002300223498178046
677,100.0,0.05819505076111755,-0.565167985867989,0.06512672791844178
678,83.0,0.014873974127707482,-0.8866708079486619,0.017566916910678913
679,41.0,0.00016159816419197644,-0.8674621746922719,0.000291478637131373
680,36.0,8.434297185988848e-05,-1.6202762443566785,0.00017639169696279002
681,53.0,0.000697640009292997,-1.156161866454229,0.0010177621920044995
682,53.0,0.000697640009292997,-1.0230417205266575,0.0010177621920044995
683,67.0,0.0032315852587581012,-0.07237130154317713,0.004134721382902895
684,46.0,0.0003022604012219167,-0.42829519350965284,0.0004860100193338354
685,50.0,0.0004902788163771723,-1.3045855689411652,0.0007445850781892157
686,43.0,0.000208192691427214,-1.5641722765946582,0.00035661850136988084
687,46.0,0.0003022604012219167,-1.5534097699641123,0.0004860100193338354
688,59.0,0.0013767069406343286,-1.1783556427930928,0.0018799067660071795
689,74.0,0.006489704591886318,-0.5508024023574548,0.007955733282555867
690,77.0,0.008628130702045713,-0.7155699481360221,0.010385101867949859
691,70.0,0.004381587905306257,-0.6569352853098014,0.005478072664131656
692,42.0,0.00018350997127055085,-0.6547561093651256,0.00032178141201897426
693,39.0,0.00012495006911461987,-1.4549883280037876,0.0002362044099328925
694,40.0,0.0001421659071940603,-1.7877605395560383,0.00026321599581959103
695,38.0,0.00010971329718310355,-0.6477784799935926,0.00021382204512929932
696,46.0,0.0003022604012219167,-1.4045725677182939,0.0004860100193338354
697,0.0,3.818334157281001e-07,-1.9118409927973792,6.867546720023973e-06
698,28.0,2.8341608254942933e-05,-1.721839714472299,0.0001328330406296655
699,26.0,2.13704144601066e-05,-1.7336183357334476,0.00011547361289817257
700,28.0,2.8341608254942933e-05,-1.6580696683789513,0.0001328330406296655
701,12.0,2.6560461936498363e-06,-1.8428100376521392,2.3549029280317914e-05
702,35.0,7.384400408432293e-05,-0.9005541806017155,0.0001614055575384767
703,40.0,0.0001421659071940603,-1.4818304145529058,0.00026321599581959103
704,2.0,5.327479067501192e-07,-2.0226087616848902,8.179629446321951e-06
705,4.0,7.403996756761338e-07,-1.9345238692605742,9.511869302818903e-06
706,4.0,7.403996756761338e-07,-1.7809235567477093,9.511869302818903e-06
707,6.0,1.0249638777286962e-06,-2.1011989167960783,1.183880295468283e-05
708,4.0,7.403996756761338e-07,-1.7571394345873566,9.511869302818903e-06
709,4.0,7.403996756761338e-07,-1.8821168739792546,9.511869302818903e-06
710,13.0,3.102209052989918e-06,-1.8083234644608124,2.621262548801548e-05
711,0.0,3.818334157281001e-07,-2.5424597476964808,6.867546720023973e-06
712,0.0,3.818334157281001e-07,-1.8321882097356081,6.867546720023973e-06
713,30.0,3.744139161695498e-05,-1.1302859248450912,0.0001328330406296655
714,55.0,0.0008783884964078128,-0.9864073704155473,0.0012595570808399048
715,30.0,3.744139161695498e-05,-1.6818750894110643,0.0001328330406296655
716,23.0,1.3891019939050947e-05,-2.209308280341637,8.288528011026134e-05
717,37.0,9.62417449791194e-05,-2.0156025525412566,0.00019511812709937411
718,3.0,6.283575377477422e-07,-2.703941217302821,9.198862093307063e-06
719,4.0,7.403996756761338e-07,-2.233507149763411,9.511869302818903e-06
720,0.0,3.818334157281001e-07,-3.7265691109597623,6.867546720023973e-06
721,0.0,3.818334157281001e-07,-2.3561362070325713,6.867546720023973e-06
722,8.0,1.413351011099607e-06,-2.3827316258044275,1.5208623273285514e-05
723,0.0,3.818334157281001e-07,-5.233357349473564,6.867546720023973e-06
724,12.0,2.6560461936498363e-06,-2.3495497431502845,2.3549029280317914e-05
725,9.0,1.657232153123406e-06,-1.8691154470020073,1.7243432072581554e-05
726,21.0,1.0373009309962239e-05,-1.6418857268403213,6.595767030930534e-05
727,17.0,5.717080058297835e-06,-2.1010537196814285,4.066555815478516e-05
728,26.0,2.13704144601066e-05,-2.410224576307707,0.00011547361289817257
729,47.0,0.0003416019137614296,-1.6099719093267382,0.0005402974992784421
730,35.0,7.384400408432293e-05,-1.7252088112109414,0.0001614055575384767
731,0.0,3.818334157281001e-07,-2.273942928001864,6.867546720023973e-06
732,11.0,2.2718307606973213e-06,-2.6147391847572767,2.1345036774014386e-05
733,0.0,3.818334157281001e-07,-2.520062898764513,6.867546720023973e-06
734,0.0,3.818334157281001e-07,-3.233305921630481,6.867546720023973e-06
735,1.0,4.5124337237472066e-07,-3.2341615675882043,7.2835308438432475e-06
736,0.0,3.818334157281001e-07,-2.2867311824744516,6.867546720023973e-06
737,0.0,3.818334157281001e-07,-3.742293087281331,6.867546720023973e-06
738,0.0,3.818334157281001e-07,-3.0629024896559462,6.867546720023973e-06
739,1.0,4.5124337237472066e-07,-2.718930964006211,7.2835308438432475e-06
740,0.0,3.818334157281001e-07,-3.055321349781097,6.867546720023973e-06
741,0.0,3.818334157281001e-07,-2.3663428494215997,6.867546720023973e-06
742,0.0,3.818334157281001e-07,-2.657549262351197,6.867546720023973e-06
743,1.0,4.5124337237472066e-07,-2.488913071642929,7.2835308438432475e-06
744,0.0,3.818334157281001e-07,-2.6921573510506347,6.867546720023973e-06
745,0.0,3.818334157281001e-07,-2.3203425900738517,6.867546720023973e-06
746,0.0,3.818334157281001e-07,-3.131219288113882,6.867546720023973e-06
747,0.0,3.818334157281001e-07,-3.1037788764022545,6.867546720023973e-06
748,0.0,3.818334157281001e-07,-2.6053304798450734,6.867546720023973e-06
749,0.0,3.818334157281001e-07,-2.586687106332351,6.867546720023973e-06
750,0.0,3.818334157281001e-07,-2.491922191858235,6.867546720023973e-06
751,0.0,3.818334157281001e-07,-3.7230443955935564,6.867546720023973e-06
752,0.0,3.818334157281001e-07,-2.5367530343107196,6.867546720023973e-06
753,0.0,3.818334157281001e-07,-2.8295150235773074,6.867546720023973e-06
754,0.0,3.818334157281001e-07,-3.4879827488272244,6.867546720023973e-06
755,0.0,3.818334157281001e-07,-2.96136908329433,6.867546720023973e-06
756,0.0,3.818334157281001e-07,-3.443621119224046,6.867546720023973e-06
757,0.0,3.818334157281001e-07,-2.398520464098328,6.867546720023973e-06
758,0.0,3.818334157281001e-07,-2.3962965911639285,6.867546720023973e-06
759,0.0,3.818334157281001e-07,-3.2709751842249855,6.867546720023973e-06
760,0.0,3.818334157281001e-07,-3.6303540885463206,6.867546720023973e-06
761,18.0,6.644944579423332e-06,-2.4391600807831635,4.622091284803302e-05
762,0.0,3.818334157281001e-07,-3.1954265963241366,6.867546720023973e-06
763,0.0,3.818334157281001e-07,-3.248804064891439,6.867546720023973e-06
764,0.0,3.818334157281001e-07,-4.3035662577071125,6.867546720023973e-06
765,3.0,6.283575377477422e-07,-1.0867749620561764,9.198862093307063e-06
766,17.0,5.717080058297835e-06,-2.600691624298896,4.066555815478516e-05
767,0.0,3.818334157281001e-07,-2.6797422633031833,6.867546720023973e-06
768,0.0,3.818334157281001e-07,-2.8219229138937996,6.867546720023973e-06
769,1.0,4.5124337237472066e-07,-2.6799732556346867,7.2835308438432475e-06
770,0.0,3.818334157281001e-07,-3.765560347081607,6.867546720023973e-06
771,4.0,7.403996756761338e-07,-2.785678767037836,9.511869302818903e-06
772,3.0,6.283575377477422e-07,-2.285999176117142,9.198862093307063e-06
773,4.0,7.403996756761338e-07,-2.3916091584949064,9.511869302818903e-06
774,0.0,3.818334157281001e-07,-1.7208721483230545,6.867546720023973e-06
775,0.0,3.818334157281001e-07,-3.2227632657648257,6.867546720023973e-06
776,0.0,3.818334157281001e-07,-2.3594940058105864,6.867546720023973e-06
777,6.0,1.0249638777286962e-06,-2.4159200579052587,1.183880295468283e-05
778,101.0,0.06254813352933254,-0.38276869222095655,0.06981214549062914
779,73.0,0.005890948456870444,-0.5694843542382043,0.007271278536470479
780,7.0,1.2041811510374454e-06,-2.3837102468532265,1.3416496187222511e-05
781,39.0,0.00012495006911461987,-0.3486114292310124,0.0002362044099328925
782,41.0,0.00016159816419197644,-0.1627406364316899,0.000291478637131373
783,57.0,0.0011017651365777667,-0.9761421901961429,0.0015412470077237868
784,54.0,0.0007831875942974192,-0.4630900775325527,0.001137293173264649
785,96.0,0.04322093203214055,-0.06408121909693805,0.049111149303668736
786,109.0,0.10789997534833598,-0.03968116497928506,0.11812701649004782
787,41.0,0.00016159816419197644,-0.1284230861021712,0.000291478637131373
788,37.0,9.62417449791194e-05,-1.871890964347726,0.00019511812709937411
789,34.0,6.458954806893046e-05,-1.7981178385811705,0.00015003365501620565
790,15.0,4.219587632352974e-06,-2.22866953581179,3.299665111262357e-05
791,57.0,0.0011017651365777667,-0.9251393674071432,0.0015412470077237868
792,66.0,0.002914255399433271,-0.6719450934858789,0.0037439260692719266
793,16.0,4.913985671500474e-06,-2.629158918121727,3.6179578715901156e-05
794,34.0,6.458954806893046e-05,-2.019620105609127,0.00015003365501620565
795,31.0,4.297192229158306e-05,-2.4223039946226637,0.0001328330406296655
796,56.0,0.0009842246985925012,-0.9000503928262538,0.0013938570253407862
797,74.0,0.006489704591886318,-0.8137718375024271,0.007955733282555867
798,62.0,0.0019093405472766203,-1.2492260288256287,0.0025357170348325577
799,63.0,0.0021252456961388107,-1.3974313464887047,0.00279883298267653
800,68.0,0.0035801011687420837,-1.3253653780428285,0.0045528761327740235
801,65.0,0.002625613653047189,-1.2527574228129235,0.003404374448183739
802,62.0,0.0019093405472766203,-0.5488735969805586,0.0025357170348325577
803,95.0,0.04003337376342887,-0.8199803430830439,0.04569539217421301
804,94.0,0.03704750994989874,0.0596205312950523,0.04244114197172204
805,49.0,0.00043506175966501355,0.15842429235734543,0.000669612170437961
806,9.0,1.657232153123406e-06,-2.333394303312126,1.7243432072581554e-05
807,19.0,7.715877875038547e-06,-1.8596383704313926,5.086015834907608e-05
808,19.0,7.715877875038547e-06,-2.0054379724328055,5.086015834907608e-05
809,24.0,1.6051497646725775e-05,-1.844501630266393,9.270108044599885e-05
810,77.0,0.008628130702045713,-0.0798628017768057,0.010385101867949859
811,32.0,4.927166796986004e-05,-0.29265685383245543,0.0001328330406296655
812,32.0,4.927166796986004e-05,-0.25011658127577424,0.0001328330406296655
813,42.0,0.00018350997127055085,-0.09703491665557694,0.00032178141201897426
814,40.0,0.0001421659071940603,-0.3120776841722037,0.00026321599581959103
815,32.0,4.927166796986004e-05,0.030599041262783365,0.0001328330406296655
816,22.0,1.2009657071041804e-05,-2.1900818015786174,7.560079126220815e-05
817,45.0,0.00026719355298303777,-0.334104166588196,0.000439160160842878
818,37.0,9.62417449791194e-05,-0.8997317481860826,0.00019511812709937411
819,59.0,0.0013767069406343286,-0.6278457060030901,0.0018799067660071795
820,32.0,4.927166796986004e-05,-1.5584043005431185,0.0001328330406296655
821,32.0,4.927166796986004e-05,-1.7971689074696264,0.0001328330406296655
822,23.0,1.3891019939050947e-05,-2.2143420981293502,8.288528011026134e-05
823,11.0,2.2718307606973213e-06,-3.0332324008551397,2.1345036774014386e-05
824,27.0,2.4622340774383347e-05,-2.3731214839421204,0.00012652868177530054
825,15.0,4.219587632352974e-06,-2.5623639996129075,3.299665111262357e-05
826,29.0,3.259107077597499e-05,-2.0341642222706247,0.0001328330406296655
827,14.0,3.6197823930798668e-06,-2.5180621639381027,2.921350021081764e-05
828,0.0,3.818334157281001e-07,-4.785200404831387,6.867546720023973e-06
829,0.0,3.818334157281001e-07,-4.182479907002232,6.867546720023973e-06
830,40.0,0.0001421659071940603,-1.240322521898669,0.00026321599581959103
831,0.0,3.818334157281001e-07,-3.324945537586009,6.867546720023973e-06
832,29.0,3.259107077597499e-05,-1.2661239632272023,0.0001328330406296655
833,43.0,0.000208192691427214,-1.5250052047432343,0.00035661850136988084
834,49.0,0.00043506175966501355,-1.4297924250579856,0.000669612170437961
835,40.0,0.0001421659071940603,-1.480145632799312,0.00026321599581959103
836,56.0,0.0009842246985925012,-1.1747192263602015,0.0013938570253407862
837,27.0,2.4622340774383347e-05,-1.627684919547249,0.00012652868177530054
838,70.0,0.001462465824775761,-0.726681163134548,0.001994847750154586
839,43.0,0.000208192691427214,-1.5103634288847867,0.00035661850136988084
840,44.0,0.00023596856438047963,-1.3883827593287725,0.0003955851165845857
841,45.0,0.00026719355298303777,-1.2993568811379232,0.000439160160842878
842,66.0,0.002914255399433271,-1.1439370566942622,0.0037439260692719266
843,69.0,0.003962480273498222,-0.22341429487831446,0.004993756420755017
844,68.0,0.0035801011687420837,-1.0637942344433549,0.0045528761327740235
845,95.0,0.04003337376342887,-0.09370402632663222,0.04569539217421301
846,89.0,0.024805471018605443,-0.09408786235655088,0.028730531750160306
847,94.0,0.03704750994989874,-0.5184051581496347,0.04244114197172204
848,43.0,0.000208192691427214,-1.7718138741495746,0.00035661850136988084
849,44.0,0.00023596856438047963,-1.7749380276115756,0.0003955851165845857
850,24.0,1.6051497646725775e-05,-1.760353508310755,9.270108044599885e-05
851,9.0,1.657232153123406e-06,-1.543366613428119,1.7243432072581554e-05
852,2.0,5.327479067501192e-07,-1.9046704551756302,8.179629446321951e-06
853,0.0,3.818334157281001e-07,-5.1319748697030665,6.867546720023973e-06
854,35.0,7.384400408432293e-05,-1.6087085141975075,0.0001614055575384767
855,31.0,4.297192229158306e-05,-1.4640563555006854,0.0001328330406296655
856,62.0,0.0019093405472766203,-1.2993308037212914,0.0025357170348325577
857,70.0,0.0036933540876452078,-1.1581701139928953,0.00468743225438036
858,51.0,0.0005519762454985965,-1.138796057050453,0.000823386366211769
859,66.0,0.002914255399433271,-1.118566364735279,0.0037439260692719266
860,52.0,0.0006208447664486337,-1.4093337698166344,0.0009206637938266546
861,71.0,0.00484048664005373,-0.5094952116178981,0.0060338343364630155
862,77.0,0.008628130702045713,-0.035617951983553185,0.010385101867949859
863,49.0,0.00043506175966501355,-1.3668575849665108,0.000669612170437961
864,42.0,0.00018350997127055085,-1.5113006702156269,0.00032178141201897426
865,61.0,0.00171374872223273,-1.179020003068834,0.002300223498178046
866,74.0,0.006489704591886318,-1.063987142184034,0.007955733282555867
867,87.0,0.020994119733023415,-0.5850121921193755,0.024451060817647065
868,87.0,0.020994119733023415,-0.5799013895863947,0.024451060817647065
869,112.0,0.13048374575595006,-0.3563222348103695,0.1417420499626757
870,62.0,0.0019093405472766203,-1.1815343346972262,0.0025357170348325577
871,52.0,0.0006208447664486337,-1.4256865333715456,0.0009206637938266546
872,75.0,0.007142655849520817,-1.039230690781526,0.008688506004392955
873,78.0,0.009469782324157894,-1.0129045172030169,0.01132237031919733
874,51.0,0.0005519762454985965,-1.2829078311849842,0.000823386366211769
875,63.0,0.0021252456961388107,-1.3215782621414116,0.00279883298267653
876,72.0,0.005342445385435944,-1.0851369372351958,0.006633272919392361
877,69.0,0.003962480273498222,-1.097888285921015,0.004993756420755017
878,34.0,6.458954806893046e-05,-1.8521692063853543,0.00015003365501620565
879,83.0,0.007470180005446627,-1.1588266832291554,0.009078143462217475
880,76.0,0.00777445884496888,-0.9318106433424076,0.00943880779731516
881,99.0,0.05409669723047122,-0.5390467481797209,0.060919268169197904
882,100.0,0.05819505076111755,-0.15180589569222736,0.06512672791844178
883,131.0,0.3642385421652301,0.1743711238947023,0.3789886980049791
884,123.0,0.24523382574693253,-0.5664714419421223,0.2585840758922848
885,110.0,0.11505611493146778,-0.6433056716332225,0.12541614605949605
886,105.0,0.08273245920735331,-0.6393464421508791,0.09160964480392068
887,146.0,0.6673539989711764,-0.07347833177101196,0.6770335896089534
888,200.0,0.20856858006535794,-0.017388237739890997,0.22272081620210826
889,204.0,0.16609707705824384,0.24950137115134133,0.17965310997966408
890,225.0,0.04003337376342887,0.47012728565389716,0.04569539217421301
891,65.0,0.002625613653047189,-0.6728233497882722,0.003404374448183739
892,123.0,0.24523382574693253,-0.38728732746943906,0.2585840758922848
893,143.0,0.5993819586698879,-0.7098100148589674,0.6120209942947192
894,158.0,0.9619126237454184,-0.45168562994127726,0.9634431132024517
895,70.0,0.004381587905306257,-1.0912479579447973,0.005478072664131656
896,107.0,0.09464749900442188,-0.1848764892155004,0.1041618892015447
897,89.0,0.024805471018605443,-0.6466493114686653,0.028730531750160306
898,85.0,0.01770350643943526,-0.8370546321064878,0.020752993116619173
899,61.0,0.00171374872223273,-1.3184758513240242,0.002300223498178046
900,100.0,0.05819505076111755,-0.3524359752118497,0.06512672791844178
901,139.0,0.51399329035963,-0.22477936209297003,0.5273981683478193
902,35.0,7.384400408432293e-05,-1.3228633255778357,0.0001614055575384767
903,4.0,7.403996756761338e-07,-2.2714381510843715,9.511869302818903e-06
904,93.0,0.03425341131987518,-0.6229189716893183,0.0393836026043131
905,58.0,0.0012321719359254558,-1.328635938459534,0.0017066055746206257
906,171.0,0.7381719528745769,-0.3099791662609649,0.747673764013751
907,121.0,0.2203208174400776,-0.7942353924490163,0.23407924823380397
908,128.0,0.3159451110985233,-0.38564552164704424,0.33010364719754426
909,142.0,0.5774418757515851,-0.15951769763150273,0.5905762157361866
910,98.0,0.050242075314448804,-0.7835934450441885,0.0566799039613719
911,96.0,0.04322093203214055,-0.897882295838049,0.049111149303668736
912,64.0,0.002363332417024863,-1.09643225460849,0.003080160986577953
913,106.0,0.08852851507802069,-0.6325679572269325,0.09776964954669126
914,84.0,0.01623464210033919,-0.8757178605708987,0.019084420545590137
915,64.0,0.002363332417024863,-1.2444622276606483,0.003080160986577953
916,66.0,0.002914255399433271,-1.2553283933332837,0.0037439260692719266
917,70.0,0.004381587905306257,-1.1810920312339257,0.005478072664131656
918,75.0,0.007142655849520817,-1.1474709326848782,0.008688506004392955
919,94.0,0.03704750994989874,-0.6414155111507593,0.04244114197172204
920,83.0,0.014873974127707482,-0.9941477086407625,0.017566916910678913
921,4.0,7.403996756761338e-07,-3.1189037232045633,9.511869302818903e-06
922,0.0,3.818334157281001e-07,-3.4379939312978585,6.867546720023973e-06
923,0.0,3.818334157281001e-07,-2.8054990212158337,6.867546720023973e-06
924,0.0,3.818334157281001e-07,-3.443196782706498,6.867546720023973e-06
925,0.0,3.818334157281001e-07,-3.246501015918326,6.867546720023973e-06
926,3.0,6.283575377477422e-07,-2.1992972792204766,9.198862093307063e-06
927,0.0,3.818334157281001e-07,-3.179376287251283,6.867546720023973e-06
928,0.0,3.818334157281001e-07,-4.28394978526518,6.867546720023973e-06
929,0.0,3.818334157281001e-07,-3.859228419321779,6.867546720023973e-06
930,0.0,3.818334157281001e-07,-4.035684906109031,6.867546720023973e-06
931,20.0,8.95068790134129e-06,-2.342111886957194,5.8388166154345515e-05
932,0.0,3.818334157281001e-07,-2.9243308110112745,6.867546720023973e-06
933,0.0,3.818334157281001e-07,-2.4954032722057873,6.867546720023973e-06
934,0.0,3.818334157281001e-07,-3.1101470992388363,6.867546720023973e-06
935,0.0,3.818334157281001e-07,-2.4327820648235363,6.867546720023973e-06
936,0.0,3.818334157281001e-07,-3.534299637128873,6.867546720023973e-06
937,0.0,3.818334157281001e-07,-2.8155968860212175,6.867546720023973e-06
938,0.0,3.818334157281001e-07,-2.965609975729781,6.867546720023973e-06
939,0.0,3.818334157281001e-07,-3.866212106129884,6.867546720023973e-06
940,35.0,7.384400408432293e-05,-1.7208713962406388,0.0001614055575384767
941,27.0,2.4622340774383347e-05,-2.079688825311276,0.00012652868177530054
942,7.0,1.2041811510374454e-06,-2.5257280889239646,1.3416496187222511e-05
943,19.0,7.715877875038547e-06,-2.3174274815887106,5.086015834907608e-05
944,23.0,1.3891019939050947e-05,-2.291754251954804,8.288528011026134e-05
945,30.0,3.744139161695498e-05,-1.7804307244893225,0.0001328330406296655
946,29.0,3.259107077597499e-05,-1.860792397455139,0.0001328330406296655
947,29.0,3.259107077597499e-05,-1.624530607844251,0.0001328330406296655
948,34.0,6.458954806893046e-05,-1.5826759416883003,0.00015003365501620565
949,37.0,9.62417449791194e-05,-1.6933073244879733,0.00019511812709937411
950,25.0,1.852998601250972e-05,-1.984001323326285,0.00010414844816852561
951,44.0,0.00023596856438047963,-1.4089927972038454,0.0003955851165845857
952,46.0,0.0003022604012219167,-1.6998874347218715,0.0004860100193338354
953,80.0,0.011375720999960516,-1.2594841328442616,0.013511351640519143
954,5.0,8.71565594594538e-07,-2.5568576012423145,1.0757853760730621e-05
955,0.0,3.818334157281001e-07,-2.535503825471205,6.867546720023973e-06
956,8.0,1.413351011099607e-06,-2.201841942626883,1.5208623273285514e-05
957,11.0,2.2718307606973213e-06,-2.143583916496393,2.1345036774014386e-05
958,2.0,5.327479067501192e-07,-2.372168854286733,8.179629446321951e-06
959,7.0,1.2041811510374454e-06,-2.2740085382638076,1.3416496187222511e-05
960,0.0,3.818334157281001e-07,-2.621191848099573,6.867546720023973e-06
961,46.0,0.0003022604012219167,-1.6169804413959719,0.0004860100193338354
962,25.0,1.852998601250972e-05,-1.7864450704614683,0.00010414844816852561
963,56.0,0.0009842246985925012,-1.2906469642601066,0.0013938570253407862
964,63.0,0.0021252456961388107,-1.2014330110093832,0.00279883298267653
965,62.0,0.0019093405472766203,-1.1287650101982738,0.0025357170348325577
966,56.0,0.0009842246985925012,-1.2969656240412928,0.0013938570253407862
967,38.0,0.00010971329718310355,-1.5061341445913534,0.00021382204512929932
968,43.0,0.000208192691427214,-1.6128478055583322,0.00035661850136988084
969,15.0,4.219587632352974e-06,-2.0374724561381785,3.299665111262357e-05
970,41.0,0.00016159816419197644,-1.6517071966546046,0.000291478637131373
971,29.0,3.259107077597499e-05,-1.8134254214157892,0.0001328330406296655
972,78.0,0.009469782324157894,-1.1205103840111503,0.01132237031919733
973,29.0,3.259107077597499e-05,-1.3647935909056716,0.0001328330406296655
974,124.0,0.25840531091036156,-0.9068529454932154,0.27178971297923576
975,35.0,7.384400408432293e-05,-1.5586296049192578,0.0001614055575384767
976,9.0,1.657232153123406e-06,-2.024761685766329,1.7243432072581554e-05
977,61.0,0.00171374872223273,-1.2269319178978517,0.002300223498178046
978,6.0,1.0249638777286962e-06,-2.2078661854349164,1.183880295468283e-05
979,14.0,3.6197823930798668e-06,-1.7263690633571136,2.921350021081764e-05
980,26.0,2.13704144601066e-05,-1.573823390584125,0.00011547361289817257
981,37.0,9.62417449791194e-05,-1.7389908868690067,0.00019511812709937411
982,29.0,3.259107077597499e-05,-1.7463837324750962,0.0001328330406296655
983,1.0,4.5124337237472066e-07,-1.712935603643259,7.2835308438432475e-06
984,0.0,3.818334157281001e-07,-2.0993394611639933,6.867546720023973e-06
985,0.0,3.818334157281001e-07,-1.9452024956723217,6.867546720023973e-06
986,0.0,3.818334157281001e-07,-2.1232270405395814,6.867546720023973e-06
987,19.0,7.715877875038547e-06,-1.1004682931869234,5.086015834907608e-05
988,14.0,3.6197823930798668e-06,-1.3465782152011816,2.921350021081764e-05
989,49.0,0.00043506175966501355,-1.2497599905465198,0.000669612170437961
990,104.0,0.07724785000753027,0.15179385346757004,0.08561183376714843
991,126.0,0.28619909987545633,0.32796648855210403,0.3002705556193329
992,143.0,0.5993819586698879,0.07549423720781566,0.6120209942947192
993,132.0,0.3813114321568325,0.11924955403200455,0.3951202412225943
994,132.0,0.3813114321568325,-0.017960818550199903,0.3951202412225943
995,85.0,0.01770350643943526,-0.4479432005141483,0.020752993116619173
996,32.0,4.927166796986004e-05,-1.1339600135238364,0.0001328330406296655
997,34.0,6.458954806893046e-05,-1.5552744573789496,0.00015003365501620565
998,32.0,4.927166796986004e-05,-1.563366540663463,0.0001328330406296655
999,75.0,0.007142655849520817,-0.21409532998549632,0.008688506004392955
1000,80.0,0.011375720999960516,-0.10991282247143352,0.013511351640519143
1001,85.0,0.01770350643943526,-0.6168723241477285,0.020752993116619173
1002,59.0,0.0013767069406343286,-0.885978884948094,0.0018799067660071795
1003,68.0,0.0035801011687420837,-1.0625908945126736,0.0045528761327740235
1004,32.0,4.927166796986004e-05,-1.9887430365822412,0.0001328330406296655
1005,53.0,0.000697640009292997,0.17258099308409228,0.0010177621920044995
1006,32.0,4.927166796986004e-05,-0.7573057126050513,0.0001328330406296655
1007,55.0,0.0008783884964078128,-0.03157664732963744,0.0012595570808399048
1008,45.0,0.00026719355298303777,-1.401065000712897,0.000439160160842878
1009,68.0,0.0009158455488449395,-0.7083194016574345,0.0013117742275264835
1010,33.0,5.6440346457884884e-05,-0.8273103117919185,0.00014098888133031164
1011,33.0,3.3163587010311e-05,-0.7987187795921851,0.0001328330406296655
1012,77.0,0.002256671606260576,0.04424970657499391,0.0029688083095946345
1013,66.0,0.002914255399433271,-1.3978601165418132,0.0037439260692719266
1014,80.0,0.011081748232957503,-1.1706571715322298,0.013237116722289844
1015,35.0,7.384400408432293e-05,-1.2760421129053452,0.0001614055575384767
1016,37.0,9.62417449791194e-05,-1.2103099656236078,0.00019511812709937411
1017,123.0,0.2339609594027362,-0.16925271974529876,0.24794347465323643
1018,106.0,0.08852851507802069,-0.6786865182153892,0.09776964954669126
1019,61.0,0.00171374872223273,-1.3190946596266302,0.002300223498178046
1020,78.0,0.009469782324157894,-0.9709229299807024,0.01132237031919733
1021,57.0,0.0011017651365777667,-0.8582075840839019,0.0015412470077237868
1022,77.0,0.008628130702045713,-0.909926770110739,0.010385101867949859
1023,78.0,0.009469782324157894,-0.7048723750752327,0.01132237031919733
1024,73.0,0.005890948456870444,-0.2637811931465793,0.007271278536470479
1025,50.0,0.0004902788163771723,-0.476933001820056,0.0007445850781892157
1026,64.0,0.002363332417024863,-0.778457507300914,0.003080160986577953
1027,36.0,8.434297185988848e-05,-0.2884986572102356,0.00017639169696279002
1028,42.0,0.00018350997127055085,-1.1020562893435322,0.00032178141201897426
1029,58.0,0.0012321719359254558,-0.681962672158552,0.0017066055746206257
1030,42.0,0.00018350997127055085,-1.150198828904552,0.00032178141201897426
1031,34.0,6.458954806893046e-05,-1.4400919856117251,0.00015003365501620565
1032,28.0,2.8341608254942933e-05,-1.6215821805524357,0.0001328330406296655
1033,59.0,0.0013767069406343286,-1.4482062183271798,0.0018799067660071795
1034,64.0,0.002363332417024863,-1.0090903102112,0.003080160986577953
1035,82.0,0.013614809509928869,-1.1420223269820016,0.016110004861842525
1036,75.0,0.007142655849520817,-0.451335445345991,0.008688506004392955
1037,136.0,0.42905099680467595,0.46128979119731617,0.44276656145662874
1038,133.0,0.3988668233382736,0.11630463865727876,0.4129714889661895
1039,118.0,0.18644046312741247,0.11373824718892783,0.2001095848912296
1040,102.0,0.06716709462993983,-0.37284335954435166,0.0747026255645709
1041,102.0,0.06716709462993983,0.288016955479919,0.0747026255645709
1042,100.0,0.05819505076111755,0.21095949958694993,0.06512672791844178
1043,84.0,0.01623464210033919,-0.10151420258726768,0.019084420545590137
1044,74.0,0.006489704591886318,-1.1058469271465619,0.007955733282555867
1045,42.0,0.00018350997127055085,-1.5244958177153063,0.00032178141201897426
1046,128.0,0.23200719215615317,0.3687534838938984,0.24628756739004792
1047,132.0,0.3813114321568325,-0.0717075529936735,0.3951202412225943
1048,163.0,0.9365638916667738,0.005331982585152775,0.9395489558633213
1049,164.0,0.9112793010821278,-0.016120458056464164,0.9178405120499191
1050,190.0,0.34765171013757123,0.41110151482889457,0.3620293656436743
1051,198.0,0.23254065440710814,0.3828827748348907,0.2466459005042537
1052,97.0,0.046620362348982945,-0.34262770601767917,0.05273588157894837
1053,104.0,0.07724785000753027,-0.2786763482370401,0.08561183376714843
1054,64.0,0.002363332417024863,-1.0839209492214439,0.003080160986577953
1055,146.0,0.6673539989711764,0.23365823054737972,0.6770335896089534
1056,125.0,0.2720592897486446,0.18599137677934252,0.28567359949419807
1057,36.0,8.434297185988848e-05,-0.048424564963201196,0.00017639169696279002
1058,46.0,0.0003022604012219167,0.08400266804595889,0.0004860100193338354
1059,45.0,0.00026719355298303777,-0.14314707379096964,0.000439160160842878
1060,97.0,0.046620362348982945,0.06547456439547468,0.05273588157894837
1061,141.0,0.45575945880462676,0.29461823626478906,0.4691751092682135
1062,57.0,0.0011017651365777667,-1.0116977883441558,0.0015412470077237868
1063,109.0,0.10789997534833598,-0.2089640548358206,0.11812701649004782
1064,70.0,0.004381587905306257,-1.081669828152565,0.005478072664131656
1065,65.0,0.002625613653047189,-1.1841603037443982,0.003404374448183739
1066,72.0,0.005342445385435944,-1.1487713376233186,0.006633272919392361
1067,81.0,0.011236584570050742,-1.023731864611355,0.013409345946629273
1068,53.0,0.000697640009292997,-1.1089705567535566,0.0010177621920044995
1069,45.0,0.00026719355298303777,-1.0089337625797778,0.000439160160842878
1070,43.0,0.000208192691427214,-0.7842227341129848,0.00035661850136988084
1071,51.0,0.0005519762454985965,-1.4371715106333052,0.000823386366211769
1072,53.0,0.000697640009292997,-1.272164260829027,0.0010177621920044995
1073,51.0,0.0005519762454985965,-1.3151704399796242,0.000823386366211769
1074,51.0,0.0005519762454985965,-0.9625236475268512,0.000823386366211769
1075,45.0,0.00026719355298303777,-1.4294667412652822,0.000439160160842878
1076,35.0,7.384400408432293e-05,-1.42465668157023,0.0001614055575384767
1077,35.0,7.384400408432293e-05,-1.4894778810812588,0.0001614055575384767
1078,34.0,6.458954806893046e-05,-1.5403771382830336,0.00015003365501620565
1079,38.0,0.00010971329718310355,-1.3934040471882345,0.00021382204512929932
1080,40.0,0.0001421659071940603,-1.2505592393538378,0.00026321599581959103
1081,47.0,0.0003416019137614296,-1.1872364197930845,0.0005402974992784421
1082,39.0,0.00012495006911461987,-1.1612156701545044,0.0002362044099328925
1083,44.0,0.00023596856438047963,-1.4533499210567193,0.0003955851165845857
1084,52.0,0.0006208447664486337,-1.2421205988890118,0.0009206637938266546
1085,47.0,0.0003416019137614296,-1.398109135029933,0.0005402974992784421
1086,35.0,7.384400408432293e-05,-1.412618685386167,0.0001614055575384767
1087,47.0,0.0003416019137614296,-0.7699123321168019,0.0005402974992784421
1088,50.0,0.0004902788163771723,-0.9643727838016877,0.0007445850781892157
1089,61.0,0.00171374872223273,-1.2158618011828357,0.002300223498178046
1090,38.0,0.00010971329718310355,-1.5168307369803502,0.00021382204512929932
1091,100.0,0.05819505076111755,-0.3151311284049302,0.06512672791844178
1092,93.0,0.03425341131987518,-0.13978152016819861,0.0393836026043131
1093,93.0,0.03425341131987518,0.16776114074827375,0.0393836026043131
1094,82.0,0.013614809509928869,-0.9932681088183437,0.016110004861842525
1095,50.0,0.0004902788163771723,-1.398897153114638,0.0007445850781892157
1096,35.0,7.384400408432293e-05,-1.586535331917891,0.0001614055575384767
1097,116.0,0.16609707705824384,-0.600816811751418,0.17965310997966408
1098,82.0,0.013614809509928869,-1.0002381869654766,0.016110004861842525
1099,80.0,0.011375720999960516,-1.0811055838080592,0.013511351640519143
1100,63.0,0.0021252456961388107,0.020603535488629813,0.00279883298267653
1101,42.0,0.00018333426566765707,-1.6834281767520962,0.00032178141201897426
1102,65.0,0.002625613653047189,-1.4996117940520532,0.003404374448183739
1103,30.0,3.744139161695498e-05,-1.4031912192025249,0.0001328330406296655
1104,54.0,0.0007831875942974192,-1.67307484534076,0.001137293173264649
1105,57.0,0.0011017651365777667,-1.5439772181238365,0.0015412470077237868
1106,30.0,3.744139161695498e-05,-1.852889705848931,0.0001328330406296655
1107,31.0,4.297192229158306e-05,-2.1263846312188766,0.0001328330406296655
1108,35.0,7.384400408432293e-05,-1.389208677428295,0.0001614055575384767
1109,36.0,8.434297185988848e-05,-1.3067670475911717,0.00017639169696279002
1110,41.0,0.00016159816419197644,-1.2170685779230423,0.000291478637131373
1111,75.0,0.007142655849520817,-0.9827045337538681,0.008688506004392955
1112,69.0,0.003962480273498222,-1.013640845046999,0.004993756420755017
1113,74.0,0.006489704591886318,-0.9558895570064805,0.007955733282555867
1114,70.0,0.004381587905306257,-0.8810158439698991,0.005478072664131656
1115,38.0,0.00010971329718310355,-1.2935285471319695,0.00021382204512929932
1116,42.0,0.00018350997127055085,-1.367841918045679,0.00032178141201897426
1117,38.0,0.00010971329718310355,-1.693465441933929,0.00021382204512929932
1118,55.0,0.0008783884964078128,-1.0519026271118777,0.0012595570808399048
1119,47.0,0.0003416019137614296,-1.5839165742388066,0.0005402974992784421
1120,32.0,4.927166796986004e-05,-1.5544548552626334,0.0001328330406296655
1121,86.0,0.019287564463529205,-0.82784760659513,0.02254693004603832
1122,31.0,4.297192229158306e-05,-1.6555508480333108,0.0001328330406296655
1123,16.0,4.913985671500474e-06,-1.874342166958163,3.6179578715901156e-05
1124,88.0,0.022830782848342543,-0.8095041103676353,0.026541048574388975
1125,78.0,0.009469782324157894,-0.8879107070994264,0.01132237031919733
1126,101.0,0.06254813352933254,-0.6710977293653548,0.06981214549062914
1127,123.0,0.24523382574693253,-0.3704952668739902,0.2585840758922848
1128,118.0,0.18644046312741247,0.08171883526176492,0.2001095848912296
1129,116.0,0.16609707705824384,-0.5174678640286362,0.17965310997966408
1130,106.0,0.08852851507802069,-0.4325116828865666,0.09776964954669126
1131,163.0,0.9365638916667738,0.29971066485593545,0.9395489558633213
1132,225.0,0.04003337376342887,0.5855726001710155,0.04569539217421301
1133,297.0,1.3891019939050947e-05,1.1478204431888102,8.288528011026134e-05
1134,240.0,0.011375720999960516,0.7099534970180178,0.013511351640519143
1135,184.0,0.4543759676970297,0.13871949086838542,0.46813366884661245
1136,158.0,0.9302697919403669,0.29800832677214373,0.9347243958921962
1137,139.0,0.31477714381263233,-0.29781573226679,0.3297041797505026
1138,167.0,0.666020256762826,0.407892166656806,0.6770335896089534
1139,158.0,0.9302697919403669,0.10160871824688615,0.9347243958921962
1140,167.0,0.666020256762826,0.35968386010198133,0.6770335896089534
1141,168.0,0.40173563705539783,0.2991215208083437,0.41559997292748224
1142,176.0,0.21395452647943458,0.4301172723122019,0.22769970315943208
1143,176.0,0.21395452647943458,0.42904501762235236,0.22769970315943208
1144,176.0,0.21395452647943458,0.41608430403611807,0.22769970315943208
1145,117.0,0.17604975304863657,-0.794516413168586,0.19025462582680983
1146,178.0,0.5774418757515851,0.0850005797566927,0.5905762157361866
1147,84.0,0.01623464210033919,0.019142509003360474,0.019084420545590137
1148,132.0,0.3813114321568325,-0.5084106851437019,0.3951202412225943
1149,164.0,0.9112793010821278,-0.03815116729414059,0.9178405120499191
1150,173.5,0.4482234386096974,0.2291893897838959,0.4621730624157322
1151,187.0,0.24640175674236808,0.43102006132464465,0.2595981688189468
1152,158.0,0.9302697919403669,0.20014427364158718,0.9347243958921962
1153,97.0,0.046620362348982945,-0.6368361694527234,0.05273588157894837
1154,118.0,0.18644046312741247,0.21808600347424548,0.2001095848912296
1155,70.0,0.004381587905306257,-0.8406093200431187,0.005478072664131656
1156,58.0,0.0012321719359254558,-1.4551559472667517,0.0017066055746206257
1157,63.0,0.0021252456961388107,-0.8016779952062397,0.00279883298267653
1158,77.0,0.008628130702045713,-1.0088140551376346,0.010385101867949859
1159,92.0,0.03164141029432081,-0.802201240318304,0.036480343919917495
1160,67.0,0.0032315852587581012,-0.14055858604562774,0.004134721382902895
1161,102.0,0.06716709462993983,-0.7941289692851851,0.0747026255645709
1162,134.0,0.4169000671394101,-0.4646671261553079,0.43058013497007164
1163,110.0,0.11505611493146778,-0.8063630075796802,0.12541614605949605
1164,128.0,0.3159451110985233,-0.5912024919843643,0.33010364719754426
1165,98.0,0.050242075314448804,-0.334422196902386,0.0566799039613719
1166,130.0,0.34765171013757123,-0.3137954850384626,0.3620293656436743
1167,118.0,0.18644046312741247,-0.6028498202341152,0.2001095848912296
1168,78.0,0.009469782324157894,-0.716184479473361,0.01132237031919733
1169,134.0,0.4169000671394101,0.07400531316874742,0.43058013497007164
1170,123.0,0.24523382574693253,-0.09655885774848771,0.2585840758922848
1171,70.0,0.004381587905306257,-0.3471632819837601,0.005478072664131656
1172,81.0,0.012450756563175432,-0.27613845046144797,0.014774271925577634
1173,97.0,0.046620362348982945,-0.005080162090632824,0.05273588157894837
1174,56.0,0.0009842246985925012,-0.3398665349676102,0.0013938570253407862
1175,118.0,0.18644046312741247,-0.02520905266669898,0.2001095848912296
1176,158.0,0.9619126237454184,-0.1123252326719505,0.9634431132024517
1177,165.0,0.8860842360149852,0.058368969457506796,0.8938942733516557
1178,274.0,0.0003022604012219167,1.4957035783642196,0.0004860100193338354
1179,161.0,0.9872999187963021,0.39446054292431915,0.9872999187963021
1180,147.0,0.6352949412612287,0.3944015801014364,0.6481655843175744
1181,149.0,0.6602705672885985,0.1356593720714647,0.6731017362075672
1182,132.0,0.3813114321568325,-0.7212054980623581,0.3951202412225943
1183,148.0,0.7139301226943493,-0.5579387086164905,0.7237021131015989
1184,165.0,0.8860842360149852,-0.6240376738619441,0.8938942733516557
1185,154.0,0.8605053519450498,0.02054366882765043,0.870181717348448
1186,101.0,0.06254813352933254,-0.33774433612384575,0.06981214549062914
1187,120.0,0.20856858006535794,-0.3105095208472331,0.22272081620210826
1188,125.0,0.2720592897486446,-0.3667320964261943,0.28567359949419807
1189,142.0,0.5774418757515851,-0.31599884097258163,0.5905762157361866
1190,159.0,0.9872999187963021,-0.32314145258336535,0.9872999187963021
1192,190.0,0.34765171013757123,0.06896310880685146,0.3620293656436743
1193,165.0,0.8860842360149852,-0.04647531146753141,0.8938942733516557
1194,248.0,0.005342445385435944,0.4959758213838271,0.006633272919392361
1195,295.0,1.852998601250972e-05,2.316389804236175,0.00010414844816852561
1196,245.0,0.007142655849520817,0.4933098722093687,0.008688506004392955
1197,288.0,4.927166796986004e-05,2.1657075221636535,0.0001328330406296655
1198,320.0,3.818334157281001e-07,4.422226907074138,6.867546720023973e-06
1199,167.0,0.836062788872005,-0.2418998853314366,0.8461439318246418
1200,197.0,0.24523382574693253,0.05666072023224418,0.2585840758922848
1201,200.0,0.20856858006535794,0.009866527179033498,0.22272081620210826
1202,137.0,0.4738037454367995,-0.40719719400367504,0.48735205515108704
1203,139.0,0.51399329035963,-0.2941732410667742,0.5273981683478193
1204,202.0,0.18644046312741247,0.4790812727318359,0.2001095848912296
1205,127.0,0.3008271959412008,-0.3828114782186615,0.315355070516213
1206,108.0,0.10110085963698442,-0.5637522734862808,0.11106979256803089
1207,97.0,0.046620362348982945,-0.8084637702641247,0.05273588157894837
1208,129.0,0.3315534209342924,-0.5477620010443836,0.3461241765806585
1209,139.0,0.51399329035963,-0.5490935619933739,0.5273981683478193
1210,211.0,0.10789997534833598,-0.1047110950469139,0.11812701649004782
1211,202.0,0.18644046312741247,0.05134406306230179,0.2001095848912296
1212,202.0,0.18644046312741247,0.355653019021765,0.2001095848912296
1213,212.0,0.10110085963698442,0.002619191924026246,0.11106979256803089
1214,221.0,0.05409669723047122,0.083282011889333,0.060919268169197904
1215,229.0,0.029202112474096775,0.04711570257751206,0.0336988630658917
1216,226.0,0.03704750994989874,0.6233363865531907,0.04244114197172204
1217,96.0,0.04322093203214055,-0.4231929905849542,0.049111149303668736
1218,120.0,0.20856858006535794,0.11025849209925484,0.22272081620210826
1219,89.0,0.024805471018605443,-0.21976058716425587,0.028730531750160306
1220,75.0,0.007142655849520817,-0.4950775461742289,0.008688506004392955
1221,55.0,0.0008783884964078128,-1.4048703234168929,0.0012595570808399048
1222,87.0,0.020994119733023415,-0.15663674707497505,0.024451060817647065
1223,69.0,0.003962480273498222,-1.2417190692818518,0.004993756420755017
1224,48.0,0.00038569446679275734,-1.4994557244480224,0.0006024681559455106
1225,71.0,0.00484048664005373,-0.45602526846473157,0.0060338343364630155
1226,110.0,0.11505611493146778,-0.6970194704380697,0.12541614605949605
1227,107.0,0.09464749900442188,0.13035126835790345,0.1041618892015447
1228,84.0,0.01623464210033919,-1.0967388170312222,0.019084420545590137
1229,37.0,9.62417449791194e-05,-1.3772811251175594,0.00019511812709937411
1230,43.0,0.000208192691427214,-1.2656063217142792,0.00035661850136988084
1231,107.0,0.09464749900442188,-0.9554473961810778,0.1041618892015447
1232,111.0,0.12258039664858444,-0.6415282261809215,0.13350235240533548
1233,112.0,0.13048374575595006,-0.8336601815947176,0.1417420499626757
1234,66.0,0.002914255399433271,-1.1025104116225959,0.0037439260692719266
1235,62.0,0.0019093405472766203,-0.7323999700597534,0.0025357170348325577
1236,100.0,0.05819505076111755,-0.6463518012769142,0.06512672791844178
1237,146.0,0.6673539989711764,0.08501897311018795,0.6770335896089534
1238,112.0,0.13048374575595006,-0.18443736075659142,0.1417420499626757
1239,100.0,0.05819505076111755,-0.6980109899970023,0.06512672791844178
1240,103.0,0.07206320905091358,-0.3714909095523101,0.08000668447539701
1241,146.0,0.6673539989711764,-0.303002441969039,0.6770335896089534
1242,141.0,0.5558874698545733,-0.13762906983459838,0.5699204597287522
1243,121.0,0.2203208174400776,-0.524315802148986,0.23407924823380397
1244,103.0,0.07206320905091358,-0.699250132521725,0.08000668447539701
1245,67.0,0.0032315852587581012,0.0930712840360619,0.004134721382902895
1246,120.5,0.20948237571633044,-0.45407614246676936,0.2235070432431017
1247,45.0,0.00026719355298303777,-1.4441437636493781,0.000439160160842878
1248,36.0,8.434297185988848e-05,-1.6185115245465875,0.00017639169696279002
1249,67.0,0.0032315852587581012,-1.1200519584991868,0.004134721382902895
1250,91.0,0.029202112474096775,-0.8718097818259726,0.0336988630658917
1251,86.0,0.019287564463529205,-0.8914848830382884,0.02254693004603832
1252,61.0,0.00171374872223273,-0.8096819983278374,0.002300223498178046
1253,51.0,0.0005519762454985965,-1.2883534810231405,0.000823386366211769
1254,124.0,0.25840531091036156,-0.6652628487546007,0.27178971297923576
1255,66.0,0.002914255399433271,-1.0755835959663431,0.0037439260692719266
1256,88.0,0.022830782848342543,-0.47359363990108905,0.026541048574388975
1257,109.0,0.10789997534833598,-0.37276070153708224,0.11812701649004782
1258,98.0,0.050242075314448804,-0.21817683285903983,0.0566799039613719
1259,84.0,0.01623464210033919,-0.6223656711711493,0.019084420545590137
1260,128.5,0.239501832582534,0.07345217535779547,0.2536020245764595
